date	channel	campaign_id	impressions	clicks	cost_text
01/03/2025	google	brand	7236	145	USD 171.1
01/03/2025	meta	nonbrand	10167	229	USD 248.16
01/03/2025	meta	prospecting	5569	46	USD 141.9
01/03/2025	meta	retargeting	9494	77	USD 238.92
01/03/2025	email	newsletter	1328	27	USD 30.32
01/03/2025	meta	promo	1755	43	USD 43.5
01/03/2025	google	awareness	1496	8	USD 41.2
01/03/2025	display	retargeting	2421	18	USD 63.81
02/03/2025	email	brand	8712	197	USD 209.38
02/03/2025	meta	nonbrand	7432	201	USD 185.82
02/03/2025	meta	prospecting	7593	71	USD 195.03
02/03/2025	display	retargeting	8033	34	USD 207.39
02/03/2025	google	newsletter	2288	49	USD 64.22
02/03/2025	meta	promo	1838	34	USD 49.09
02/03/2025	email	awareness	2984	22	USD 74.36
02/03/2025	meta	retargeting	3478	37	USD 87.39
03/03/2025	display	brand	10664	182	USD 264.1
03/03/2025	google	nonbrand	14433	329	USD 352.73
03/03/2025	meta	prospecting	5960	27	USD 152.82
03/03/2025	meta	retargeting	6488	35	USD 163.75
03/03/2025	email	newsletter	2774	45	USD 69.68
03/03/2025	email	promo	2250	40	USD 58.31
03/03/2025	email	awareness	4259	61	USD 103.85
03/03/2025	google	retargeting	2122	22	USD 58.23
04/03/2025	meta	brand	10220	199	USD 255.08
04/03/2025	google	nonbrand	9806	178	USD 244.59
04/03/2025	meta	prospecting	8145	71	USD 201.66
04/03/2025	email	retargeting	4102	37	USD 100.75
04/03/2025	email	newsletter	2454	41	USD 71.54
04/03/2025	email	promo	2743	41	USD 72.79
04/03/2025	display	awareness	3786	12	USD 90.51
04/03/2025	meta	retargeting	3027	31	USD 74.25
05/03/2025	meta	brand	11241	210	USD 279.34
05/03/2025	google	nonbrand	11986	222	USD 299.25
05/03/2025	google	prospecting	7972	59	USD 195.16
05/03/2025	email	retargeting	9484	84	USD 235.1
05/03/2025	email	newsletter	2752	46	USD 70.17
05/03/2025	email	promo	2091	47	USD 55.05
05/03/2025	meta	awareness	4397	68	USD 107.87
05/03/2025	email	retargeting	2744	28	USD 71.18
06/03/2025	google	brand	11848	234	USD 292.95
06/03/2025	email	nonbrand	10931	211	USD 260.06
06/03/2025	meta	prospecting	7318	89	USD 182.42
06/03/2025	meta	retargeting	7630	82	USD 188.56
06/03/2025	display	newsletter	2178	40	USD 46.51
06/03/2025	meta	promo	2522	69	USD 59.15
06/03/2025	display	awareness	3961	34	USD 99.83
06/03/2025	meta	retargeting	3766	35	USD 105.76
07/03/2025	google	brand	11243	281	USD 282.76
07/03/2025	google	nonbrand	7756	154	USD 194.66
07/03/2025	meta	prospecting	5279	63	USD 133.15
07/03/2025	display	retargeting	5866	44	USD 144.07
07/03/2025	google	newsletter	2846	57	USD 58.3
07/03/2025	google	promo	2168	42	USD 50.85
07/03/2025	display	awareness	3722	31	USD 93.24
07/03/2025	display	retargeting	4089	15	USD 115.55
08/03/2025	email	brand	6736	127	USD 170.12
08/03/2025	google	nonbrand	8884	199	USD 219.48
08/03/2025	google	prospecting	4974	68	USD 119.69
08/03/2025	google	retargeting	5452	56	USD 139.95
08/03/2025	google	newsletter	1871	41	USD 52.89
08/03/2025	meta	promo	2337	48	USD 63.14
08/03/2025	meta	awareness	3206	37	USD 85.57
08/03/2025	meta	retargeting	2523	15	USD 54.25
09/03/2025	meta	brand	7267	158	USD 189.47
09/03/2025	display	nonbrand	10882	160	USD 282.9
09/03/2025	email	prospecting	5701	63	USD 145.27
09/03/2025	google	retargeting	7782	69	USD 194.73
09/03/2025	email	newsletter	2820	41	USD 68.98
09/03/2025	meta	promo	1819	29	USD 47.58
09/03/2025	meta	awareness	3365	23	USD 83.16
09/03/2025	google	retargeting	4712	40	USD 114.22
10/03/2025	meta	brand	11184	256	USD 278.34
10/03/2025	google	nonbrand	8152	159	USD 201.25
10/03/2025	google	prospecting	8296	83	USD 210.54
10/03/2025	meta	retargeting	6786	38	USD 168.68
10/03/2025	email	newsletter	2513	40	USD 67.45
10/03/2025	display	promo	2344	61	USD 67.37
10/03/2025	google	awareness	3233	39	USD 85.13
10/03/2025	display	retargeting	3762	37	USD 101.66
11/03/2025	google	brand	8981	160	USD 218.8
11/03/2025	google	nonbrand	10375	268	USD 261.06
11/03/2025	email	prospecting	7330	60	USD 179.72
11/03/2025	google	retargeting	5864	27	USD 141.97
11/03/2025	google	newsletter	2957	64	USD 74.32
11/03/2025	email	promo	2958	66	USD 73.36
11/03/2025	meta	awareness	4244	48	USD 101.95
11/03/2025	google	retargeting	2509	31	USD 63.02
12/03/2025	display	brand	10141	234	USD 258.95
12/03/2025	email	nonbrand	12349	229	USD 309.15
12/03/2025	meta	prospecting	8570	73	USD 213.78
12/03/2025	meta	retargeting	6004	55	USD 143.72
12/03/2025	meta	newsletter	2775	57	USD 62.16
12/03/2025	google	promo	2897	46	USD 71.03
12/03/2025	display	awareness	4073	53	USD 101.42
12/03/2025	display	retargeting	4383	37	USD 113.0
13/03/2025	google	brand	4989	121	USD 126.98
13/03/2025	google	nonbrand	8492	162	USD 208.35
13/03/2025	google	prospecting	5898	45	USD 152.48
13/03/2025	display	retargeting	4216	28	USD 111.45
13/03/2025	display	newsletter	2950	57	USD 68.85
13/03/2025	email	promo	3409	80	USD 88.56
13/03/2025	meta	awareness	4685	39	USD 120.32
13/03/2025	display	retargeting	3913	33	USD 100.96
14/03/2025	meta	brand	10048	183	USD 244.11
14/03/2025	meta	nonbrand	10723	191	USD 269.96
14/03/2025	google	prospecting	6560	100	USD 156.28
14/03/2025	meta	retargeting	6864	79	USD 168.69
14/03/2025	meta	newsletter	2915	51	USD 73.76
14/03/2025	meta	promo	2663	46	USD 71.34
14/03/2025	display	awareness	3527	37	USD 90.79
14/03/2025	meta	retargeting	931	12	USD 27.63
15/03/2025	google	brand	9861	251	USD 243.13
15/03/2025	email	nonbrand	9598	218	USD 238.44
15/03/2025	meta	prospecting	7269	83	USD 177.63
15/03/2025	email	retargeting	8180	65	USD 196.86
15/03/2025	meta	newsletter	2360	48	USD 59.85
15/03/2025	email	promo	1981	42	USD 47.07
15/03/2025	display	awareness	3576	36	USD 88.47
15/03/2025	google	retargeting	3499	50	USD 94.25
16/03/2025	display	brand	9547	236	USD 237.43
16/03/2025	google	nonbrand	11021	226	USD 282.76
16/03/2025	google	prospecting	7308	50	USD 177.34
16/03/2025	email	retargeting	4376	37	USD 104.6
16/03/2025	email	newsletter	2130	45	USD 56.04
16/03/2025	email	promo	1721	38	USD 53.22
16/03/2025	google	awareness	3697	12	USD 99.68
16/03/2025	meta	retargeting	3901	52	USD 92.61
17/03/2025	google	brand	12912	254	USD 319.57
17/03/2025	google	nonbrand	7974	180	USD 191.05
17/03/2025	email	prospecting	6740	96	USD 174.77
17/03/2025	meta	retargeting	8023	86	USD 200.74
17/03/2025	email	newsletter	2432	51	USD 57.97
17/03/2025	email	promo	2036	48	USD 49.29
17/03/2025	meta	awareness	3869	59	USD 100.11
17/03/2025	display	retargeting	3102	16	USD 77.65
18/03/2025	google	brand	11191	160	USD 282.02
18/03/2025	google	nonbrand	9647	264	USD 244.63
18/03/2025	email	prospecting	6731	75	USD 164.35
18/03/2025	display	retargeting	7148	65	USD 181.57
18/03/2025	email	newsletter	2235	36	USD 55.91
18/03/2025	meta	promo	3044	52	USD 67.2
18/03/2025	display	awareness	3476	31	USD 91.91
18/03/2025	google	retargeting	4495	38	USD 109.27
19/03/2025	google	brand	9521	216	USD 231.03
19/03/2025	email	nonbrand	13891	294	USD 345.5
19/03/2025	google	prospecting	8509	71	USD 207.48
19/03/2025	meta	retargeting	7661	72	USD 186.77
19/03/2025	google	newsletter	3423	70	USD 76.9
19/03/2025	email	promo	1826	39	USD 48.31
19/03/2025	meta	awareness	4822	54	USD 111.92
19/03/2025	google	retargeting	2940	24	USD 70.7
20/03/2025	email	brand	10530	157	USD 264.54
20/03/2025	google	nonbrand	12220	176	USD 301.15
20/03/2025	meta	prospecting	6036	79	USD 149.79
20/03/2025	meta	retargeting	7511	38	USD 178.88
20/03/2025	email	newsletter	2452	59	USD 53.93
20/03/2025	email	promo	2495	52	USD 65.8
20/03/2025	email	awareness	3550	31	USD 86.04
20/03/2025	meta	retargeting	2068	13	USD 50.54
21/03/2025	email	brand	10549	247	USD 270.22
21/03/2025	email	nonbrand	6943	95	USD 174.96
21/03/2025	meta	prospecting	7375	64	USD 192.18
21/03/2025	meta	retargeting	6192	77	USD 152.22
21/03/2025	email	newsletter	3110	66	USD 75.86
21/03/2025	google	promo	2366	44	USD 57.26
21/03/2025	google	awareness	3400	34	USD 81.36
21/03/2025	display	retargeting	3354	31	USD 89.05
22/03/2025	google	brand	10155	213	USD 249.3
22/03/2025	google	nonbrand	5893	102	USD 132.65
22/03/2025	google	prospecting	7342	50	USD 178.01
22/03/2025	google	retargeting	6823	90	USD 173.83
22/03/2025	display	newsletter	2298	49	USD 53.11
22/03/2025	email	promo	2583	59	USD 54.57
22/03/2025	meta	awareness	3718	50	USD 87.43
22/03/2025	display	retargeting	2902	22	USD 64.41
23/03/2025	email	brand	9688	203	USD 242.54
23/03/2025	google	nonbrand	10069	218	USD 244.56
23/03/2025	email	prospecting	7300	46	USD 176.57
23/03/2025	google	retargeting	7672	106	USD 188.64
23/03/2025	meta	newsletter	2048	41	USD 52.08
23/03/2025	email	promo	1307	22	USD 40.9
23/03/2025	meta	awareness	4192	25	USD 108.02
23/03/2025	email	retargeting	3268	43	USD 85.22
24/03/2025	meta	brand	13504	256	USD 332.71
24/03/2025	google	nonbrand	9254	152	USD 231.47
24/03/2025	meta	prospecting	5289	91	USD 127.12
24/03/2025	display	retargeting	8444	78	USD 208.24
24/03/2025	email	newsletter	2485	47	USD 65.9
24/03/2025	email	promo	1821	41	USD 50.46
24/03/2025	display	awareness	3397	17	USD 80.34
24/03/2025	display	retargeting	2906	27	USD 80.6
25/03/2025	meta	brand	9888	158	USD 246.69
25/03/2025	meta	nonbrand	10331	249	USD 262.98
25/03/2025	display	prospecting	7252	63	USD 180.7
25/03/2025	google	retargeting	9185	84	USD 227.71
25/03/2025	email	newsletter	2361	59	USD 66.06
25/03/2025	meta	promo	2461	54	USD 57.78
25/03/2025	display	awareness	3095	42	USD 78.87
25/03/2025	google	retargeting	3688	61	USD 96.12
26/03/2025	google	brand	7801	165	USD 191.87
26/03/2025	google	nonbrand	13022	200	USD 317.45
26/03/2025	display	prospecting	7719	136	USD 193.43
26/03/2025	meta	retargeting	7798	44	USD 198.82
26/03/2025	meta	newsletter	1625	40	USD 37.78
26/03/2025	email	promo	1766	32	USD 47.73
26/03/2025	display	awareness	3573	19	USD 88.17
26/03/2025	display	retargeting	4435	28	USD 100.29
27/03/2025	google	brand	8024	170	USD 192.24
27/03/2025	meta	nonbrand	10268	174	USD 260.12
27/03/2025	meta	prospecting	8252	60	USD 206.87
27/03/2025	google	retargeting	9038	75	USD 232.03
27/03/2025	email	newsletter	2003	40	USD 44.01
27/03/2025	email	promo	2127	39	USD 52.07
27/03/2025	google	awareness	4082	52	USD 98.52
27/03/2025	display	retargeting	2710	21	USD 72.2
28/03/2025	google	brand	9360	201	USD 243.2
28/03/2025	google	nonbrand	14394	323	USD 365.52
28/03/2025	meta	prospecting	7417	71	USD 185.04
28/03/2025	meta	retargeting	8311	70	USD 204.79
28/03/2025	meta	newsletter	2443	42	USD 58.4
28/03/2025	email	promo	2510	48	USD 61.92
28/03/2025	display	awareness	3818	47	USD 95.58
28/03/2025	google	retargeting	3305	9	USD 79.98
29/03/2025	google	brand	9197	178	USD 232.98
29/03/2025	meta	nonbrand	10146	148	USD 253.4
29/03/2025	meta	prospecting	5580	53	USD 144.21
29/03/2025	google	retargeting	7084	50	USD 183.52
29/03/2025	google	newsletter	2349	57	USD 59.82
29/03/2025	google	promo	1877	35	USD 48.99
29/03/2025	display	awareness	2766	29	USD 71.11
29/03/2025	email	retargeting	2478	28	USD 57.4
30/03/2025	google	brand	13150	254	USD 335.6
30/03/2025	google	nonbrand	11369	257	USD 285.83
30/03/2025	google	prospecting	7525	22	USD 191.03
30/03/2025	google	retargeting	7615	78	USD 194.37
30/03/2025	google	newsletter	1712	37	USD 42.89
30/03/2025	meta	promo	1755	28	USD 33.59
30/03/2025	meta	awareness	3253	49	USD 82.21
30/03/2025	display	retargeting	2279	24	USD 68.38
31/03/2025	meta	brand	10530	243	USD 266.6
31/03/2025	meta	nonbrand	6883	135	USD 174.12
31/03/2025	meta	prospecting	8879	96	USD 218.28
31/03/2025	meta	retargeting	6462	41	USD 160.71
31/03/2025	google	newsletter	2891	59	USD 62.21
31/03/2025	meta	promo	2483	43	USD 64.35
31/03/2025	display	awareness	4884	39	USD 116.1
31/03/2025	display	retargeting	3266	35	USD 83.84
01/04/2025	meta	brand	8996	159	USD 219.93
01/04/2025	email	nonbrand	7580	157	USD 192.02
01/04/2025	google	prospecting	6103	100	USD 150.32
01/04/2025	meta	retargeting	9886	120	USD 238.17
01/04/2025	display	newsletter	2678	46	USD 68.79
01/04/2025	email	promo	1910	28	USD 54.17
01/04/2025	display	awareness	2207	20	USD 56.3
01/04/2025	display	retargeting	2882	31	USD 67.5
02/04/2025	email	brand	10767	224	USD 270.04
02/04/2025	meta	nonbrand	12717	288	USD 318.64
02/04/2025	display	prospecting	8505	51	USD 211.73
02/04/2025	google	retargeting	7227	89	USD 181.12
02/04/2025	email	newsletter	2993	60	USD 68.65
02/04/2025	email	promo	3808	54	USD 89.85
02/04/2025	display	awareness	3900	43	USD 93.75
02/04/2025	meta	retargeting	3328	30	USD 80.81
03/04/2025	email	brand	10181	177	USD 255.59
03/04/2025	google	nonbrand	10518	233	USD 269.98
03/04/2025	meta	prospecting	9767	79	USD 238.2
03/04/2025	email	retargeting	5025	43	USD 131.18
03/04/2025	email	newsletter	2404	45	USD 51.48
03/04/2025	google	promo	1917	48	USD 40.66
03/04/2025	display	awareness	2834	39	USD 78.5
03/04/2025	google	retargeting	3661	60	USD 95.72
04/04/2025	meta	brand	9972	259	USD 241.6
04/04/2025	email	nonbrand	13813	250	USD 340.56
04/04/2025	google	prospecting	8456	84	USD 215.51
04/04/2025	meta	retargeting	8916	114	USD 226.16
04/04/2025	meta	newsletter	2573	49	USD 70.04
04/04/2025	email	promo	2022	43	USD 51.24
04/04/2025	display	awareness	2483	38	USD 67.2
04/04/2025	meta	retargeting	3491	46	USD 85.98
05/04/2025	google	brand	9065	223	USD 217.23
05/04/2025	meta	nonbrand	6406	117	USD 166.04
05/04/2025	meta	prospecting	7753	74	USD 192.23
05/04/2025	email	retargeting	7998	71	USD 200.94
05/04/2025	google	newsletter	2164	24	USD 59.97
05/04/2025	email	promo	2236	25	USD 57.8
05/04/2025	display	awareness	3103	35	USD 80.59
05/04/2025	google	retargeting	3479	38	USD 89.85
06/04/2025	google	brand	9464	183	USD 237.11
06/04/2025	email	nonbrand	9872	172	USD 247.92
06/04/2025	google	prospecting	5734	52	USD 135.9
06/04/2025	meta	retargeting	5962	61	USD 149.13
06/04/2025	google	newsletter	1866	35	USD 42.99
06/04/2025	google	promo	2349	51	USD 58.3
06/04/2025	display	awareness	3085	25	USD 84.95
06/04/2025	display	retargeting	2706	16	USD 64.83
07/04/2025	google	brand	14945	351	USD 381.71
07/04/2025	meta	nonbrand	9308	203	USD 235.43
07/04/2025	email	prospecting	6543	66	USD 168.66
07/04/2025	google	retargeting	7005	78	USD 174.37
07/04/2025	google	newsletter	3151	35	USD 84.16
07/04/2025	email	promo	2651	67	USD 56.24
07/04/2025	display	awareness	2943	23	USD 73.49
07/04/2025	meta	retargeting	3214	26	USD 80.67
08/04/2025	email	brand	11449	196	USD 288.64
08/04/2025	google	nonbrand	7342	138	USD 183.1
08/04/2025	meta	prospecting	8354	81	USD 204.44
08/04/2025	meta	retargeting	5973	78	USD 149.36
08/04/2025	meta	newsletter	2745	43	USD 68.07
08/04/2025	meta	promo	2925	68	USD 66.31
08/04/2025	google	awareness	4121	51	USD 102.69
08/04/2025	display	retargeting	4569	57	USD 110.96
09/04/2025	google	brand	9362	175	USD 235.74
09/04/2025	meta	nonbrand	11078	214	USD 273.16
09/04/2025	display	prospecting	5702	81	USD 142.43
09/04/2025	google	retargeting	7809	105	USD 195.46
09/04/2025	google	newsletter	3146	72	USD 79.6
09/04/2025	email	promo	2437	61	USD 62.28
09/04/2025	google	awareness	3917	35	USD 96.96
09/04/2025	meta	retargeting	3974	61	USD 97.84
10/04/2025	google	brand	11307	222	USD 276.1
10/04/2025	google	nonbrand	9683	179	USD 253.3
10/04/2025	google	prospecting	9073	105	USD 222.64
10/04/2025	meta	retargeting	6508	52	USD 164.76
10/04/2025	meta	newsletter	1714	42	USD 36.78
10/04/2025	google	promo	2670	53	USD 60.64
10/04/2025	display	awareness	3580	48	USD 95.4
10/04/2025	display	retargeting	3521	29	USD 85.41
11/04/2025	google	brand	11959	308	USD 298.35
11/04/2025	meta	nonbrand	12189	270	USD 311.32
11/04/2025	meta	prospecting	8510	78	USD 210.72
11/04/2025	email	retargeting	6029	29	USD 149.98
11/04/2025	display	newsletter	915	20	USD 33.75
11/04/2025	email	promo	2197	42	USD 59.64
11/04/2025	display	awareness	4134	38	USD 100.79
11/04/2025	google	retargeting	4273	51	USD 109.47
12/04/2025	google	brand	8656	220	USD 214.58
12/04/2025	google	nonbrand	5735	87	USD 144.88
12/04/2025	display	prospecting	7931	120	USD 193.54
12/04/2025	display	retargeting	7551	77	USD 192.03
12/04/2025	google	newsletter	2038	47	USD 50.6
12/04/2025	email	promo	2620	54	USD 59.69
12/04/2025	display	awareness	3816	49	USD 94.47
12/04/2025	display	retargeting	1998	28	USD 53.41
13/04/2025	meta	brand	8626	197	USD 216.35
13/04/2025	meta	nonbrand	11934	202	USD 289.61
13/04/2025	meta	prospecting	7703	57	USD 193.81
13/04/2025	meta	retargeting	7300	105	USD 181.79
13/04/2025	meta	newsletter	2382	49	USD 62.69
13/04/2025	google	promo	1596	30	USD 50.95
13/04/2025	meta	awareness	1664	20	USD 49.13
13/04/2025	display	retargeting	3215	42	USD 80.35
14/04/2025	display	brand	8781	178	USD 228.91
14/04/2025	google	nonbrand	8699	150	USD 218.47
14/04/2025	meta	prospecting	8069	81	USD 196.35
14/04/2025	meta	retargeting	6727	39	USD 171.46
14/04/2025	email	newsletter	1614	34	USD 39.03
14/04/2025	email	promo	2833	57	USD 73.56
14/04/2025	email	awareness	3214	23	USD 81.71
14/04/2025	google	retargeting	3003	43	USD 76.62
15/04/2025	display	brand	9297	167	USD 233.57
15/04/2025	google	nonbrand	13132	308	USD 322.53
15/04/2025	meta	prospecting	5014	53	USD 121.81
15/04/2025	google	retargeting	8155	82	USD 200.71
15/04/2025	meta	newsletter	2109	40	USD 52.9
15/04/2025	email	promo	3721	52	USD 95.45
15/04/2025	display	awareness	4469	50	USD 106.9
15/04/2025	display	retargeting	4953	35	USD 127.56
16/04/2025	email	brand	8376	161	USD 202.46
16/04/2025	meta	nonbrand	6456	93	USD 164.89
16/04/2025	meta	prospecting	9420	126	USD 230.34
16/04/2025	google	retargeting	6843	48	USD 177.17
16/04/2025	meta	newsletter	2536	61	USD 56.86
16/04/2025	email	promo	2270	52	USD 60.33
16/04/2025	display	awareness	2602	21	USD 71.23
16/04/2025	google	retargeting	5051	49	USD 128.61
17/04/2025	google	brand	8105	162	USD 199.91
17/04/2025	display	nonbrand	8024	117	USD 202.43
17/04/2025	meta	prospecting	7079	63	USD 173.51
17/04/2025	google	retargeting	4872	56	USD 129.26
17/04/2025	email	newsletter	1821	48	USD 36.87
17/04/2025	google	promo	2626	44	USD 59.53
17/04/2025	meta	awareness	3049	26	USD 77.07
17/04/2025	google	retargeting	3879	49	USD 94.53
18/04/2025	google	brand	7009	120	USD 164.86
18/04/2025	google	nonbrand	11170	289	USD 274.75
18/04/2025	meta	prospecting	9069	87	USD 229.06
18/04/2025	email	retargeting	5245	56	USD 129.92
18/04/2025	google	newsletter	3435	64	USD 84.35
18/04/2025	display	promo	2335	45	USD 54.01
18/04/2025	display	awareness	3086	30	USD 71.54
18/04/2025	meta	retargeting	2487	29	USD 66.39
19/04/2025	meta	brand	7569	222	USD 199.9
19/04/2025	display	nonbrand	11518	244	USD 289.65
19/04/2025	email	prospecting	8703	83	USD 218.58
19/04/2025	meta	retargeting	8263	79	USD 207.6
19/04/2025	google	newsletter	2826	58	USD 67.38
19/04/2025	google	promo	3074	70	USD 78.08
19/04/2025	display	awareness	3914	22	USD 102.71
19/04/2025	google	retargeting	2627	22	USD 69.12
20/04/2025	meta	brand	11108	239	USD 274.09
20/04/2025	email	nonbrand	10030	221	USD 253.72
20/04/2025	google	prospecting	8403	111	USD 208.32
20/04/2025	google	retargeting	5628	28	USD 140.84
20/04/2025	email	newsletter	1354	25	USD 37.82
20/04/2025	email	promo	2381	44	USD 56.5
20/04/2025	google	awareness	3353	42	USD 80.54
20/04/2025	meta	retargeting	3118	21	USD 81.52
21/04/2025	google	brand	8984	174	USD 220.47
21/04/2025	meta	nonbrand	7174	145	USD 180.02
21/04/2025	google	prospecting	7800	47	USD 188.21
21/04/2025	meta	retargeting	7706	127	USD 187.64
21/04/2025	meta	newsletter	1895	35	USD 46.33
21/04/2025	email	promo	3031	62	USD 72.98
21/04/2025	meta	awareness	4851	41	USD 119.33
21/04/2025	google	retargeting	2367	26	USD 59.33
22/04/2025	google	brand	8277	193	USD 211.05
22/04/2025	google	nonbrand	9114	208	USD 227.79
22/04/2025	meta	prospecting	6115	45	USD 148.76
22/04/2025	meta	retargeting	6934	84	USD 177.25
22/04/2025	email	newsletter	2308	47	USD 56.39
22/04/2025	meta	promo	2537	50	USD 59.67
22/04/2025	google	awareness	5520	70	USD 130.9
22/04/2025	display	retargeting	3978	42	USD 103.54
23/04/2025	google	brand	10584	217	USD 264.16
23/04/2025	google	nonbrand	10790	201	USD 271.2
23/04/2025	meta	prospecting	7715	91	USD 192.88
23/04/2025	google	retargeting	5299	30	USD 133.54
23/04/2025	email	newsletter	1702	41	USD 44.83
23/04/2025	email	promo	2399	45	USD 57.58
23/04/2025	display	awareness	5465	37	USD 133.29
23/04/2025	meta	retargeting	3112	43	USD 79.89
24/04/2025	meta	brand	11884	296	USD 303.05
24/04/2025	google	nonbrand	10803	187	USD 270.83
24/04/2025	meta	prospecting	5397	37	USD 134.73
24/04/2025	meta	retargeting	4992	46	USD 130.49
24/04/2025	google	newsletter	1664	37	USD 29.56
24/04/2025	meta	promo	2764	72	USD 69.33
24/04/2025	display	awareness	4061	49	USD 97.95
24/04/2025	display	retargeting	3615	46	USD 89.42
25/04/2025	google	brand	8642	134	USD 222.26
25/04/2025	google	nonbrand	12234	269	USD 312.61
25/04/2025	google	prospecting	8214	61	USD 213.36
25/04/2025	meta	retargeting	6240	93	USD 159.99
25/04/2025	display	newsletter	2455	50	USD 61.29
25/04/2025	google	promo	2272	40	USD 60.06
25/04/2025	display	awareness	3565	41	USD 82.73
25/04/2025	display	retargeting	3929	23	USD 100.08
26/04/2025	display	brand	12208	198	USD 309.28
26/04/2025	google	nonbrand	8541	179	USD 222.72
26/04/2025	google	prospecting	7442	121	USD 190.24
26/04/2025	meta	retargeting	6938	69	USD 170.54
26/04/2025	email	newsletter	1484	28	USD 38.07
26/04/2025	google	promo	2865	52	USD 81.1
26/04/2025	google	awareness	3044	28	USD 83.22
26/04/2025	meta	retargeting	3762	38	USD 92.21
27/04/2025	google	brand	10439	166	USD 250.87
27/04/2025	display	nonbrand	9724	210	USD 242.92
27/04/2025	meta	prospecting	6073	61	USD 149.7
27/04/2025	meta	retargeting	6411	45	USD 166.51
27/04/2025	email	newsletter	2442	52	USD 65.84
27/04/2025	meta	promo	2568	56	USD 56.39
27/04/2025	meta	awareness	2997	35	USD 81.18
27/04/2025	google	retargeting	3848	36	USD 92.65
28/04/2025	google	brand	9057	174	USD 215.93
28/04/2025	email	nonbrand	8564	136	USD 221.94
28/04/2025	email	prospecting	4744	61	USD 127.96
28/04/2025	meta	retargeting	7830	110	USD 203.66
28/04/2025	meta	newsletter	1888	32	USD 47.15
28/04/2025	email	promo	2580	39	USD 65.47
28/04/2025	meta	awareness	5584	57	USD 131.53
28/04/2025	email	retargeting	4296	61	USD 108.85
29/04/2025	meta	brand	9332	186	USD 240.57
29/04/2025	google	nonbrand	9113	172	USD 232.96
29/04/2025	email	prospecting	7688	81	USD 205.23
29/04/2025	meta	retargeting	7009	91	USD 170.45
29/04/2025	email	newsletter	2529	53	USD 72.14
29/04/2025	meta	promo	2348	41	USD 71.51
29/04/2025	display	awareness	3134	20	USD 74.96
29/04/2025	display	retargeting	3806	25	USD 89.5
30/04/2025	google	brand	7875	168	USD 199.21
30/04/2025	meta	nonbrand	13195	240	USD 338.49
30/04/2025	email	prospecting	7724	89	USD 197.26
30/04/2025	meta	retargeting	8424	44	USD 210.09
30/04/2025	email	newsletter	2837	58	USD 72.85
30/04/2025	email	promo	1384	32	USD 33.84
30/04/2025	display	awareness	4570	52	USD 113.1
30/04/2025	meta	retargeting	3589	30	USD 86.35
01/05/2025	meta	brand	11708	261	USD 290.52
01/05/2025	google	nonbrand	11834	151	USD 295.43
01/05/2025	meta	prospecting	7577	95	USD 185.96
01/05/2025	email	retargeting	7551	93	USD 186.51
01/05/2025	google	newsletter	2113	42	USD 50.32
01/05/2025	email	promo	3440	66	USD 85.82
01/05/2025	google	awareness	3548	47	USD 99.47
01/05/2025	display	retargeting	2729	30	USD 73.3
02/05/2025	meta	brand	12332	196	USD 304.9
02/05/2025	google	nonbrand	10514	178	USD 266.06
02/05/2025	meta	prospecting	5587	74	USD 147.3
02/05/2025	meta	retargeting	6491	51	USD 163.04
02/05/2025	google	newsletter	2765	65	USD 74.71
02/05/2025	email	promo	2760	66	USD 69.79
02/05/2025	display	awareness	4573	27	USD 116.13
02/05/2025	display	retargeting	3450	29	USD 88.9
03/05/2025	google	brand	6305	111	USD 157.48
03/05/2025	google	nonbrand	12192	220	USD 307.88
03/05/2025	google	prospecting	8823	71	USD 228.07
03/05/2025	display	retargeting	4402	56	USD 110.69
03/05/2025	google	newsletter	1540	31	USD 42.13
03/05/2025	email	promo	2268	46	USD 55.78
03/05/2025	google	awareness	2590	32	USD 71.25
03/05/2025	meta	retargeting	4415	23	USD 105.33
04/05/2025	display	brand	11416	237	USD 280.33
04/05/2025	meta	nonbrand	9109	227	USD 226.35
04/05/2025	meta	prospecting	7753	76	USD 194.98
04/05/2025	email	retargeting	6041	58	USD 159.15
04/05/2025	display	newsletter	2609	44	USD 62.41
04/05/2025	email	promo	1849	38	USD 46.95
04/05/2025	display	awareness	3447	17	USD 88.38
04/05/2025	meta	retargeting	3399	49	USD 85.42
05/05/2025	google	brand	13134	273	USD 330.87
05/05/2025	google	nonbrand	11389	203	USD 281.89
05/05/2025	meta	prospecting	6242	49	USD 156.39
05/05/2025	email	retargeting	10220	114	USD 250.52
05/05/2025	meta	newsletter	2768	61	USD 68.83
05/05/2025	google	promo	3376	69	USD 81.01
05/05/2025	display	awareness	5220	48	USD 127.1
05/05/2025	display	retargeting	2543	31	USD 62.15
06/05/2025	meta	brand	9914	241	USD 249.01
06/05/2025	meta	nonbrand	12073	182	USD 306.93
06/05/2025	meta	prospecting	4384	55	USD 112.36
06/05/2025	google	retargeting	6534	80	USD 163.34
06/05/2025	email	newsletter	2419	58	USD 62.96
06/05/2025	email	promo	2074	44	USD 54.33
06/05/2025	google	awareness	3116	40	USD 75.07
06/05/2025	display	retargeting	2802	28	USD 75.65
07/05/2025	email	brand	6768	108	USD 175.96
07/05/2025	meta	nonbrand	9329	154	USD 228.21
07/05/2025	meta	prospecting	5471	40	USD 137.94
07/05/2025	email	retargeting	5463	61	USD 136.52
07/05/2025	email	newsletter	3041	66	USD 73.92
07/05/2025	email	promo	2042	34	USD 49.27
07/05/2025	google	awareness	4115	37	USD 104.97
07/05/2025	meta	retargeting	4226	38	USD 96.95
08/05/2025	meta	brand	11396	217	USD 286.0
08/05/2025	google	nonbrand	7674	150	USD 188.86
08/05/2025	meta	prospecting	6895	112	USD 167.29
08/05/2025	google	retargeting	9162	121	USD 240.72
08/05/2025	email	newsletter	2537	50	USD 76.62
08/05/2025	google	promo	3252	67	USD 70.21
08/05/2025	display	awareness	2920	25	USD 77.49
08/05/2025	display	retargeting	3179	30	USD 85.92
09/05/2025	email	brand	10865	215	USD 273.13
09/05/2025	meta	nonbrand	10302	268	USD 261.39
09/05/2025	email	prospecting	9109	139	USD 226.35
09/05/2025	email	retargeting	8214	30	USD 203.67
09/05/2025	email	newsletter	2173	42	USD 60.95
09/05/2025	email	promo	2691	52	USD 62.17
09/05/2025	google	awareness	3259	33	USD 81.71
09/05/2025	google	retargeting	3777	43	USD 89.73
10/05/2025	google	brand	9466	195	USD 239.7
10/05/2025	google	nonbrand	9212	154	USD 223.59
10/05/2025	meta	prospecting	5775	54	USD 147.51
10/05/2025	google	retargeting	9197	127	USD 231.35
10/05/2025	email	newsletter	2852	47	USD 68.06
10/05/2025	email	promo	2706	65	USD 60.09
10/05/2025	google	awareness	3721	52	USD 92.63
10/05/2025	google	retargeting	4461	34	USD 103.91
11/05/2025	display	brand	10576	226	USD 262.93
11/05/2025	meta	nonbrand	10829	242	USD 263.53
11/05/2025	meta	prospecting	7066	79	USD 181.84
11/05/2025	meta	retargeting	5681	46	USD 137.38
11/05/2025	display	newsletter	1748	27	USD 45.56
11/05/2025	meta	promo	1662	34	USD 41.4
11/05/2025	display	awareness	3197	41	USD 77.39
11/05/2025	display	retargeting	3838	39	USD 101.46
12/05/2025	google	brand	10229	177	USD 261.61
12/05/2025	meta	nonbrand	8572	132	USD 210.82
12/05/2025	meta	prospecting	8666	102	USD 213.89
12/05/2025	meta	retargeting	6455	55	USD 154.22
12/05/2025	google	newsletter	2574	39	USD 62.61
12/05/2025	display	promo	2144	47	USD 47.78
12/05/2025	meta	awareness	3651	39	USD 89.62
12/05/2025	display	retargeting	3293	44	USD 81.72
13/05/2025	google	brand	8663	166	USD 221.67
13/05/2025	meta	nonbrand	13035	189	USD 328.89
13/05/2025	meta	prospecting	8721	121	USD 214.92
13/05/2025	meta	retargeting	9657	124	USD 231.34
13/05/2025	email	newsletter	2737	54	USD 67.7
13/05/2025	email	promo	3340	53	USD 85.97
13/05/2025	meta	awareness	3462	12	USD 84.72
13/05/2025	google	retargeting	4772	57	USD 116.56
14/05/2025	meta	brand	14366	265	USD 349.4
14/05/2025	meta	nonbrand	11742	234	USD 294.37
14/05/2025	meta	prospecting	5881	82	USD 141.97
14/05/2025	meta	retargeting	8038	51	USD 206.06
14/05/2025	email	newsletter	3129	57	USD 68.3
14/05/2025	email	promo	3074	69	USD 70.2
14/05/2025	email	awareness	4202	49	USD 104.86
14/05/2025	display	retargeting	2909	14	USD 74.3
15/05/2025	google	brand	12093	298	USD 293.56
15/05/2025	display	nonbrand	8858	201	USD 222.21
15/05/2025	email	prospecting	7804	92	USD 200.77
15/05/2025	email	retargeting	7420	54	USD 184.45
15/05/2025	display	newsletter	3101	69	USD 76.27
15/05/2025	google	promo	3126	60	USD 78.77
15/05/2025	google	awareness	3404	26	USD 86.15
15/05/2025	google	retargeting	3171	15	USD 82.81
16/05/2025	display	brand	10066	194	USD 252.95
16/05/2025	google	nonbrand	6904	125	USD 174.91
16/05/2025	meta	prospecting	9147	81	USD 231.11
16/05/2025	meta	retargeting	9501	84	USD 243.23
16/05/2025	meta	newsletter	2708	47	USD 67.88
16/05/2025	email	promo	3290	68	USD 80.86
16/05/2025	meta	awareness	3076	21	USD 75.17
16/05/2025	display	retargeting	3167	13	USD 79.31
17/05/2025	google	brand	8778	158	USD 220.05
17/05/2025	email	nonbrand	10918	255	USD 264.74
17/05/2025	email	prospecting	7895	33	USD 195.43
17/05/2025	meta	retargeting	5149	77	USD 131.24
17/05/2025	meta	newsletter	2508	49	USD 56.47
17/05/2025	email	promo	2378	43	USD 54.19
17/05/2025	display	awareness	2039	18	USD 52.21
17/05/2025	display	retargeting	3368	30	USD 90.49
18/05/2025	google	brand	14754	227	USD 367.39
18/05/2025	google	nonbrand	7935	127	USD 196.38
18/05/2025	email	prospecting	7163	60	USD 182.12
18/05/2025	google	retargeting	7369	75	USD 185.2
18/05/2025	meta	newsletter	2742	50	USD 62.48
18/05/2025	google	promo	2179	46	USD 58.7
18/05/2025	meta	awareness	3544	42	USD 94.11
18/05/2025	display	retargeting	3301	35	USD 79.85
19/05/2025	google	brand	11302	241	USD 285.75
19/05/2025	google	nonbrand	9060	203	USD 227.81
19/05/2025	meta	prospecting	7425	59	USD 190.33
19/05/2025	google	retargeting	7726	114	USD 188.71
19/05/2025	email	newsletter	1897	35	USD 61.17
19/05/2025	email	promo	3076	55	USD 78.74
19/05/2025	display	awareness	3131	33	USD 74.45
19/05/2025	email	retargeting	3329	33	USD 83.23
20/05/2025	google	brand	9492	198	USD 238.75
20/05/2025	google	nonbrand	7274	150	USD 183.37
20/05/2025	email	prospecting	6208	41	USD 157.3
20/05/2025	meta	retargeting	9727	106	USD 246.26
20/05/2025	display	newsletter	2462	62	USD 58.14
20/05/2025	meta	promo	2193	53	USD 55.67
20/05/2025	display	awareness	3897	38	USD 98.4
20/05/2025	display	retargeting	4256	51	USD 105.44
21/05/2025	display	brand	7707	143	USD 188.35
21/05/2025	display	nonbrand	11460	196	USD 283.84
21/05/2025	display	prospecting	6337	91	USD 154.06
21/05/2025	meta	retargeting	5741	55	USD 149.95
21/05/2025	display	newsletter	2346	43	USD 53.67
21/05/2025	display	promo	2085	34	USD 57.9
21/05/2025	meta	awareness	4079	12	USD 101.55
21/05/2025	display	retargeting	5350	66	USD 135.61
22/05/2025	google	brand	12205	308	USD 309.88
22/05/2025	google	nonbrand	10199	170	USD 252.01
22/05/2025	meta	prospecting	8984	61	USD 227.25
22/05/2025	meta	retargeting	8366	82	USD 200.6
22/05/2025	google	newsletter	1337	34	USD 40.27
22/05/2025	email	promo	2418	46	USD 65.51
22/05/2025	display	awareness	4493	47	USD 109.62
22/05/2025	meta	retargeting	5463	51	USD 132.53
23/05/2025	meta	brand	12472	252	USD 312.42
23/05/2025	meta	nonbrand	8451	172	USD 211.78
23/05/2025	meta	prospecting	6649	62	USD 165.87
23/05/2025	meta	retargeting	5115	50	USD 124.99
23/05/2025	meta	newsletter	2707	69	USD 69.75
23/05/2025	email	promo	1964	28	USD 45.86
23/05/2025	meta	awareness	4610	64	USD 115.72
23/05/2025	google	retargeting	4621	31	USD 118.12
24/05/2025	email	brand	8077	92	USD 209.54
24/05/2025	google	nonbrand	8277	177	USD 213.44
24/05/2025	display	prospecting	7180	63	USD 188.85
24/05/2025	meta	retargeting	7771	77	USD 184.51
24/05/2025	display	newsletter	2158	36	USD 51.71
24/05/2025	google	promo	3199	62	USD 77.49
24/05/2025	display	awareness	3091	32	USD 74.23
24/05/2025	display	retargeting	3181	10	USD 82.7
25/05/2025	google	brand	11896	280	USD 295.27
25/05/2025	meta	nonbrand	8659	145	USD 217.94
25/05/2025	meta	prospecting	4336	46	USD 111.18
25/05/2025	email	retargeting	6328	40	USD 159.97
25/05/2025	email	newsletter	1869	39	USD 54.3
25/05/2025	email	promo	2418	58	USD 61.75
25/05/2025	display	awareness	4490	66	USD 111.24
25/05/2025	display	retargeting	4485	40	USD 114.65
26/05/2025	google	brand	11513	235	USD 281.84
26/05/2025	google	nonbrand	12210	268	USD 306.33
26/05/2025	meta	prospecting	6576	68	USD 174.17
26/05/2025	meta	retargeting	7330	106	USD 183.7
26/05/2025	display	newsletter	2418	52	USD 55.25
26/05/2025	email	promo	3161	63	USD 81.4
26/05/2025	display	awareness	3442	38	USD 89.72
26/05/2025	display	retargeting	3958	31	USD 104.72
27/05/2025	google	brand	8263	158	USD 212.39
27/05/2025	google	nonbrand	13801	241	USD 347.41
27/05/2025	google	prospecting	7564	113	USD 183.87
27/05/2025	google	retargeting	7024	57	USD 178.14
27/05/2025	google	newsletter	2130	51	USD 62.81
27/05/2025	google	promo	2479	44	USD 61.83
27/05/2025	display	awareness	4277	61	USD 115.61
27/05/2025	display	retargeting	2583	17	USD 62.88
28/05/2025	google	brand	12873	175	USD 317.61
28/05/2025	google	nonbrand	13241	241	USD 332.37
28/05/2025	meta	prospecting	8694	63	USD 217.91
28/05/2025	meta	retargeting	8595	85	USD 218.77
28/05/2025	email	newsletter	2023	30	USD 55.78
28/05/2025	google	promo	2461	53	USD 67.46
28/05/2025	meta	awareness	4312	34	USD 110.1
28/05/2025	google	retargeting	4989	73	USD 129.05
29/05/2025	display	brand	8607	192	USD 221.77
29/05/2025	google	nonbrand	10164	188	USD 251.06
29/05/2025	meta	prospecting	5704	65	USD 137.74
29/05/2025	meta	retargeting	7369	84	USD 178.34
29/05/2025	google	newsletter	1973	44	USD 55.33
29/05/2025	meta	promo	3105	71	USD 72.05
29/05/2025	email	awareness	4485	36	USD 100.72
29/05/2025	meta	retargeting	2283	30	USD 61.01
30/05/2025	email	brand	11206	238	USD 279.24
30/05/2025	google	nonbrand	13929	306	USD 346.77
30/05/2025	meta	prospecting	6780	76	USD 165.01
30/05/2025	meta	retargeting	9447	140	USD 227.76
30/05/2025	email	newsletter	2713	49	USD 76.12
30/05/2025	email	promo	2740	59	USD 73.7
30/05/2025	display	awareness	2900	20	USD 71.08
30/05/2025	email	retargeting	3215	30	USD 90.96
31/05/2025	meta	brand	10471	269	USD 267.13
31/05/2025	google	nonbrand	8427	174	USD 215.03
31/05/2025	meta	prospecting	7095	90	USD 176.48
31/05/2025	meta	retargeting	5876	62	USD 146.92
31/05/2025	google	newsletter	1912	42	USD 48.69
31/05/2025	display	promo	2062	53	USD 46.37
31/05/2025	display	awareness	3773	49	USD 91.15
31/05/2025	display	retargeting	3445	41	USD 84.89
01/06/2025	meta	brand	7416	149	USD 186.6
01/06/2025	google	nonbrand	11664	164	USD 297.85
01/06/2025	google	prospecting	7989	95	USD 198.58
01/06/2025	google	retargeting	8961	79	USD 227.32
01/06/2025	meta	newsletter	2264	54	USD 61.18
01/06/2025	google	promo	2270	49	USD 58.26
01/06/2025	display	awareness	4972	62	USD 135.07
01/06/2025	google	retargeting	2393	21	USD 62.81
02/06/2025	email	brand	9697	121	USD 235.34
02/06/2025	meta	nonbrand	9739	170	USD 238.41
02/06/2025	google	prospecting	4979	66	USD 130.25
02/06/2025	meta	retargeting	6382	96	USD 157.93
02/06/2025	email	newsletter	3047	64	USD 73.53
02/06/2025	email	promo	3250	60	USD 74.07
02/06/2025	google	awareness	2450	27	USD 63.08
02/06/2025	google	retargeting	5715	42	USD 146.1
03/06/2025	meta	brand	10974	189	USD 273.38
03/06/2025	google	nonbrand	11911	308	USD 304.14
03/06/2025	display	prospecting	7894	42	USD 192.78
03/06/2025	meta	retargeting	8533	64	USD 206.89
03/06/2025	email	newsletter	3012	58	USD 82.14
03/06/2025	email	promo	1696	32	USD 38.38
03/06/2025	display	awareness	3545	48	USD 93.76
03/06/2025	display	retargeting	4858	15	USD 124.36
04/06/2025	meta	brand	8120	154	USD 205.6
04/06/2025	meta	nonbrand	10638	206	USD 264.26
04/06/2025	display	prospecting	7072	49	USD 174.53
04/06/2025	email	retargeting	4410	31	USD 113.69
04/06/2025	email	newsletter	2099	33	USD 61.47
04/06/2025	display	promo	3455	70	USD 90.29
04/06/2025	display	awareness	4253	27	USD 106.73
04/06/2025	meta	retargeting	2779	20	USD 62.04
05/06/2025	google	brand	10090	179	USD 249.73
05/06/2025	meta	nonbrand	10805	248	USD 273.55
05/06/2025	meta	prospecting	8369	69	USD 203.71
05/06/2025	meta	retargeting	7786	73	USD 198.63
05/06/2025	email	newsletter	2985	59	USD 75.0
05/06/2025	google	promo	2227	52	USD 54.84
05/06/2025	display	awareness	4576	40	USD 103.06
05/06/2025	google	retargeting	3508	40	USD 83.21
06/06/2025	meta	brand	9109	112	USD 225.57
06/06/2025	display	nonbrand	11273	272	USD 279.46
06/06/2025	meta	prospecting	7494	65	USD 190.73
06/06/2025	display	retargeting	6102	63	USD 144.91
06/06/2025	email	newsletter	2022	37	USD 57.03
06/06/2025	email	promo	2996	70	USD 68.87
06/06/2025	display	awareness	3534	47	USD 86.13
06/06/2025	display	retargeting	3048	30	USD 67.47
07/06/2025	meta	brand	10939	176	USD 270.63
07/06/2025	meta	nonbrand	12534	192	USD 310.6
07/06/2025	google	prospecting	7150	54	USD 179.32
07/06/2025	meta	retargeting	6155	51	USD 156.63
07/06/2025	meta	newsletter	1680	43	USD 56.65
07/06/2025	google	promo	2275	40	USD 55.93
07/06/2025	display	awareness	3839	60	USD 87.52
07/06/2025	google	retargeting	3890	63	USD 96.91
08/06/2025	google	brand	10780	208	USD 271.78
08/06/2025	google	nonbrand	6555	137	USD 163.29
08/06/2025	google	prospecting	7372	27	USD 179.41
08/06/2025	google	retargeting	5789	17	USD 135.89
08/06/2025	google	newsletter	1978	36	USD 54.51
08/06/2025	meta	promo	2484	42	USD 59.56
08/06/2025	google	awareness	4224	39	USD 107.25
08/06/2025	display	retargeting	4138	23	USD 98.27
09/06/2025	google	brand	16476	311	USD 412.83
09/06/2025	google	nonbrand	11816	218	USD 297.15
09/06/2025	google	prospecting	8766	86	USD 217.56
09/06/2025	meta	retargeting	7062	58	USD 171.17
09/06/2025	email	newsletter	3507	75	USD 85.53
09/06/2025	email	promo	2601	50	USD 66.87
09/06/2025	display	awareness	3156	9	USD 76.4
09/06/2025	google	retargeting	4032	28	USD 104.95
10/06/2025	meta	brand	10078	166	USD 254.87
10/06/2025	meta	nonbrand	5025	117	USD 128.23
10/06/2025	meta	prospecting	5064	31	USD 127.13
10/06/2025	meta	retargeting	5675	77	USD 140.19
10/06/2025	email	newsletter	2446	41	USD 56.75
10/06/2025	google	promo	3100	59	USD 73.37
10/06/2025	display	awareness	5684	30	USD 144.77
10/06/2025	meta	retargeting	2477	24	USD 61.33
11/06/2025	google	brand	10451	212	USD 258.08
11/06/2025	google	nonbrand	8875	200	USD 222.2
11/06/2025	google	prospecting	11281	114	USD 277.26
11/06/2025	meta	retargeting	9282	127	USD 231.14
11/06/2025	email	newsletter	2863	58	USD 69.98
11/06/2025	meta	promo	2140	38	USD 57.47
11/06/2025	email	awareness	3735	52	USD 82.76
11/06/2025	meta	retargeting	3369	18	USD 83.23
12/06/2025	google	brand	11275	212	USD 275.69
12/06/2025	meta	nonbrand	13954	274	USD 342.95
12/06/2025	display	prospecting	9602	129	USD 233.78
12/06/2025	google	retargeting	8732	80	USD 220.14
12/06/2025	meta	newsletter	3241	64	USD 70.8
12/06/2025	meta	promo	3166	55	USD 75.23
12/06/2025	display	awareness	2584	26	USD 64.44
12/06/2025	display	retargeting	4539	55	USD 116.98
13/06/2025	meta	brand	12919	247	USD 327.91
13/06/2025	google	nonbrand	12307	246	USD 299.56
13/06/2025	meta	prospecting	5899	42	USD 138.01
13/06/2025	email	retargeting	6733	50	USD 175.43
13/06/2025	email	newsletter	2220	49	USD 56.7
13/06/2025	google	promo	1584	31	USD 45.39
13/06/2025	display	awareness	3169	21	USD 83.28
13/06/2025	display	retargeting	3748	31	USD 90.13
14/06/2025	google	brand	10611	223	USD 264.54
14/06/2025	google	nonbrand	14090	237	USD 352.22
14/06/2025	google	prospecting	7139	78	USD 176.63
14/06/2025	email	retargeting	6911	94	USD 171.08
14/06/2025	email	newsletter	2676	56	USD 67.61
14/06/2025	meta	promo	2385	53	USD 63.24
14/06/2025	google	awareness	4307	44	USD 108.02
14/06/2025	google	retargeting	3730	33	USD 84.23
15/06/2025	google	brand	11849	280	USD 295.34
15/06/2025	email	nonbrand	10302	179	USD 248.53
15/06/2025	google	prospecting	10362	129	USD 256.39
15/06/2025	email	retargeting	7882	55	USD 192.36
15/06/2025	email	newsletter	2888	60	USD 75.06
15/06/2025	meta	promo	2414	38	USD 59.43
15/06/2025	display	awareness	4044	44	USD 101.81
15/06/2025	display	retargeting	2735	27	USD 69.9
16/06/2025	google	brand	9995	160	USD 257.06
16/06/2025	meta	nonbrand	5133	102	USD 123.63
16/06/2025	meta	prospecting	9418	91	USD 236.36
16/06/2025	google	retargeting	5737	81	USD 134.7
16/06/2025	email	newsletter	2505	58	USD 60.16
16/06/2025	meta	promo	1685	34	USD 43.57
16/06/2025	meta	awareness	5357	51	USD 129.97
16/06/2025	google	retargeting	2725	31	USD 70.17
17/06/2025	google	brand	12404	254	USD 308.51
17/06/2025	meta	nonbrand	10729	174	USD 273.44
17/06/2025	google	prospecting	5374	59	USD 137.29
17/06/2025	meta	retargeting	7564	62	USD 191.39
17/06/2025	email	newsletter	3198	83	USD 79.44
17/06/2025	display	promo	2797	55	USD 62.41
17/06/2025	display	awareness	3980	49	USD 103.57
17/06/2025	display	retargeting	4024	23	USD 103.42
18/06/2025	google	brand	9947	184	USD 243.69
18/06/2025	google	nonbrand	8400	173	USD 213.97
18/06/2025	email	prospecting	5385	34	USD 143.81
18/06/2025	display	retargeting	7986	62	USD 195.07
18/06/2025	meta	newsletter	2416	45	USD 61.16
18/06/2025	email	promo	2030	38	USD 53.22
18/06/2025	google	awareness	4176	58	USD 103.5
18/06/2025	display	retargeting	3799	55	USD 93.88
19/06/2025	google	brand	10996	226	USD 275.73
19/06/2025	google	nonbrand	8733	199	USD 225.64
19/06/2025	meta	prospecting	4156	47	USD 108.37
19/06/2025	google	retargeting	10102	124	USD 252.47
19/06/2025	meta	newsletter	3119	63	USD 82.26
19/06/2025	google	promo	2329	45	USD 58.71
19/06/2025	display	awareness	4160	26	USD 105.99
19/06/2025	meta	retargeting	4122	57	USD 105.82
20/06/2025	google	brand	9421	202	USD 241.41
20/06/2025	meta	nonbrand	11667	189	USD 287.39
20/06/2025	meta	prospecting	5908	52	USD 152.55
20/06/2025	meta	retargeting	7380	67	USD 178.62
20/06/2025	email	newsletter	2632	41	USD 60.92
20/06/2025	email	promo	2379	44	USD 52.46
20/06/2025	google	awareness	4233	48	USD 108.45
20/06/2025	google	retargeting	3822	25	USD 91.56
21/06/2025	google	brand	11776	256	USD 301.4
21/06/2025	google	nonbrand	8702	146	USD 218.87
21/06/2025	email	prospecting	7060	105	USD 174.91
21/06/2025	display	retargeting	9725	83	USD 231.07
21/06/2025	email	newsletter	1932	30	USD 53.79
21/06/2025	email	promo	2505	54	USD 63.32
21/06/2025	display	awareness	4289	40	USD 114.9
21/06/2025	email	retargeting	3586	39	USD 85.73
22/06/2025	display	brand	9174	179	USD 240.35
22/06/2025	google	nonbrand	12863	236	USD 319.6
22/06/2025	email	prospecting	8494	110	USD 214.34
22/06/2025	email	retargeting	7405	91	USD 182.28
22/06/2025	email	newsletter	2536	49	USD 66.2
22/06/2025	email	promo	2482	44	USD 52.35
22/06/2025	display	awareness	4562	35	USD 111.14
22/06/2025	meta	retargeting	2884	27	USD 76.76
23/06/2025	google	brand	14527	314	USD 363.63
23/06/2025	google	nonbrand	11232	190	USD 276.06
23/06/2025	google	prospecting	9136	82	USD 229.73
23/06/2025	google	retargeting	8801	92	USD 225.98
23/06/2025	email	newsletter	3389	83	USD 81.38
23/06/2025	email	promo	1817	33	USD 41.11
23/06/2025	display	awareness	4012	30	USD 102.07
23/06/2025	meta	retargeting	2936	39	USD 65.89
24/06/2025	google	brand	10836	230	USD 268.24
24/06/2025	meta	nonbrand	8231	172	USD 207.03
24/06/2025	google	prospecting	10636	86	USD 268.82
24/06/2025	meta	retargeting	8477	95	USD 221.33
24/06/2025	meta	newsletter	3092	68	USD 77.06
24/06/2025	email	promo	2287	62	USD 60.71
24/06/2025	display	awareness	4836	32	USD 122.9
24/06/2025	display	retargeting	4016	24	USD 99.79
25/06/2025	google	brand	12030	299	USD 293.94
25/06/2025	email	nonbrand	6501	102	USD 160.75
25/06/2025	meta	prospecting	8394	64	USD 200.25
25/06/2025	display	retargeting	8225	95	USD 214.15
25/06/2025	email	newsletter	2107	42	USD 63.02
25/06/2025	google	promo	2497	54	USD 65.18
25/06/2025	email	awareness	4079	45	USD 93.78
25/06/2025	email	retargeting	5890	57	USD 145.38
26/06/2025	google	brand	7348	160	USD 186.15
26/06/2025	google	nonbrand	14387	292	USD 359.54
26/06/2025	email	prospecting	6796	56	USD 170.31
26/06/2025	meta	retargeting	6737	66	USD 176.34
26/06/2025	meta	newsletter	1964	43	USD 58.37
26/06/2025	display	promo	2316	47	USD 61.99
26/06/2025	meta	awareness	3999	49	USD 91.99
26/06/2025	meta	retargeting	3792	56	USD 84.08
27/06/2025	google	brand	10799	208	USD 267.41
27/06/2025	google	nonbrand	12850	292	USD 321.4
27/06/2025	meta	prospecting	11539	101	USD 283.84
27/06/2025	google	retargeting	6404	90	USD 159.94
27/06/2025	email	newsletter	1860	38	USD 44.22
27/06/2025	email	promo	2540	46	USD 68.56
27/06/2025	display	awareness	5213	56	USD 126.6
27/06/2025	meta	retargeting	3474	42	USD 90.69
28/06/2025	google	brand	12193	218	USD 301.98
28/06/2025	google	nonbrand	10702	211	USD 274.17
28/06/2025	google	prospecting	6670	60	USD 168.7
28/06/2025	google	retargeting	6812	60	USD 162.97
28/06/2025	email	newsletter	2651	51	USD 59.73
28/06/2025	email	promo	2231	43	USD 60.08
28/06/2025	display	awareness	3868	55	USD 102.2
28/06/2025	display	retargeting	2657	34	USD 72.54
29/06/2025	meta	brand	11502	209	USD 284.59
29/06/2025	display	nonbrand	9420	160	USD 238.63
29/06/2025	display	prospecting	5824	73	USD 138.87
29/06/2025	google	retargeting	8725	114	USD 220.6
29/06/2025	meta	newsletter	2508	44	USD 56.97
29/06/2025	google	promo	2277	39	USD 46.35
29/06/2025	google	awareness	4035	17	USD 102.09
29/06/2025	display	retargeting	2392	24	USD 68.21
30/06/2025	meta	brand	9635	161	USD 239.35
30/06/2025	google	nonbrand	14555	297	USD 367.29
30/06/2025	google	prospecting	3971	54	USD 93.95
30/06/2025	display	retargeting	8131	82	USD 203.51
30/06/2025	email	newsletter	1327	33	USD 30.1
30/06/2025	display	promo	2784	35	USD 64.09
30/06/2025	display	awareness	3438	36	USD 88.55
30/06/2025	display	retargeting	3336	11	USD 83.59
01/07/2025	meta	brand	13978	259	USD 346.82
01/07/2025	google	nonbrand	6911	161	USD 172.22
01/07/2025	meta	prospecting	7688	71	USD 193.7
01/07/2025	meta	retargeting	7962	65	USD 191.53
01/07/2025	display	newsletter	2342	50	USD 59.43
01/07/2025	email	promo	1921	37	USD 48.35
01/07/2025	meta	awareness	4778	40	USD 118.06
01/07/2025	google	retargeting	3652	22	USD 96.85
02/07/2025	google	brand	15312	318	USD 380.84
02/07/2025	display	nonbrand	7759	175	USD 180.79
02/07/2025	display	prospecting	7723	40	USD 187.61
02/07/2025	display	retargeting	8037	38	USD 198.14
02/07/2025	meta	newsletter	2489	41	USD 61.01
02/07/2025	google	promo	1965	34	USD 57.0
02/07/2025	meta	awareness	4171	12	USD 101.81
02/07/2025	display	retargeting	3443	32	USD 87.37