customer_id	full_name	email	country_code	created_ts	updated_at
c_0001	Avery Hernandez	avery@test.org	DE	12/03/2025 11:02	23/03/2025 16:40
c_0002	Jordan WILSON	jordan@test.org	US	03/03/2025 17:43	26/04/2025 10:32
c_0003	Morgan Moore	morgan@shop.net	US	25/03/2025 20:24	02/04/2025 10:31
c_0004	  emery  Lee	emery@example.com	CA	18/03/2025 16:57	31/03/2025 21:25
c_0005	Rowan WILSON	rowan@test.org	US	08/04/2025 21:52	30/04/2025 19:00
c_0006	  jordan  Moore	jordan@test.org	US	06/04/2025 21:36	06/05/2025 08:46
c_0007	Avery Anderson	avery@mail.com	GB	01/04/2025 09:49	30/04/2025 21:20
c_0008	Casey DAVIS	casey@mail.com	US	20/03/2025 12:48	14/04/2025 20:49
c_0009	Noah Smith	noah@mail.com	US	04/04/2025 09:32	16/04/2025 21:51
c_0010	Taylor Hernandez	taylor@example.com	US	16/05/2025 17:14	30/05/2025 10:08
c_0011	  olivia  Kim	olivia@example.com	GB	22/03/2025 17:11	14/04/2025 09:20
c_0012	Emma Martinez	emma@shop.net	US	13/05/2025 21:01	06/06/2025 15:48
c_0013	  parker  Garcia	parker@example.com	DE	21/03/2025 21:25	09/05/2025 16:37
c_0014	Liam Johnson	liam@test.org	US	17/04/2025 15:35	26/05/2025 17:04
c_0015	  liam  Martin	liam@test.org	US	07/04/2025 16:08	05/05/2025 21:27
c_0016	Taylor Lopez	taylor@shop.net	US	11/04/2025 16:00	19/05/2025 10:28
c_0017	Alex Jones	alex@mail.com	us	04/05/2025 12:36	09/05/2025 17:49
c_0018	Avery Williams	avery@mail.com	DE	12/05/2025 21:40	08/06/2025 15:48
c_0019	Parker Anderson	parker@example.com	US	31/03/2025 19:49	18/04/2025 15:55
c_0020	Emery Patel	emery@shop.net	de	19/05/2025 12:15	12/07/2025 08:00
c_0021	Mia Johnson	mia@example.com	US	10/04/2025 15:58	21/04/2025 09:52
c_0022	Ava Williams	ava@shop.net	usa	14/04/2025 12:21	28/05/2025 17:47
c_0023	  casey  Lopez	casey@shop.net	US	18/03/2025 18:35	12/05/2025 11:01
c_0024	  parker  Chen	parker@test.org	CA	31/03/2025 14:02	26/05/2025 10:12
c_0025	Avery Johnson	avery@mail.com	US	26/04/2025 13:30	28/05/2025 20:45
c_0026	Emery JONES	emery@mail.com	US	27/03/2025 17:35	31/03/2025 16:23
c_0027	Liam Smith	liam@shop.net	US	27/05/2025 14:14	27/06/2025 10:57
c_0028	Ava Martin	ava@example.com	US	15/05/2025 18:00	11/07/2025 09:36
c_0029	  alex  Patel	alex@shop.net	DE	17/04/2025 17:30	20/04/2025 16:40
c_0030	Taylor Chen	taylor@test.org	CA	15/04/2025 19:37	28/05/2025 18:54
c_0031	Riley Smith	riley@mail.com	US	22/04/2025 09:58	01/06/2025 10:33
c_0032	Emma Martinez	emma@example.com	can	06/05/2025 11:48	06/06/2025 19:07
c_0033	Olivia PATEL	olivia@example.com	US	14/04/2025 11:44	21/04/2025 14:25
c_0034	Noah Martin	NOAH@EXAMPLE.COM	US	19/03/2025 08:23	21/03/2025 19:01
c_0035	Mason MOORE	mason@example.com	GB	10/05/2025 09:45	03/06/2025 16:40
c_0036	Riley Anderson	riley@mail.com	US	06/03/2025 07:26	11/04/2025 10:21
c_0037	Mia LOPEZ	mia@example.com	US	17/04/2025 10:55	20/05/2025 07:09
c_0038	Morgan Jones	morgan@shop.net	GB	29/04/2025 17:32	14/05/2025 18:05
c_0039	Isabella Nguyen	isabella@mail.com	DE	09/05/2025 11:30	27/05/2025 21:17
c_0040	Avery Wilson	avery@example.com	US	24/03/2025 18:16	14/05/2025 17:24
c_0041	  parker  Nguyen	parker@example.com	gb	16/04/2025 20:02	21/05/2025 20:02
c_0042	Avery THOMAS	avery@mail.com	CA	26/04/2025 10:48	12/05/2025 10:01
c_0043	  mia  THOMAS	mia@example.com	DE	24/03/2025 21:04	30/03/2025 07:29
c_0044	Riley Moore	riley@shop.net	DE	28/03/2025 19:00	29/04/2025 14:02
c_0045	Avery Patel	avery@example.com	US	31/03/2025 09:02	27/04/2025 17:14
c_0046	Logan Jones	logan@shop.net	gb	27/04/2025 10:29	04/06/2025 21:30
c_0047	Ava Martinez	ava@mail.com	US	09/04/2025 09:00	29/05/2025 12:47
c_0048	  jordan  Brown	jordan@example.com	US	10/04/2025 14:47	07/05/2025 11:55
c_0049	Mia Moore	MIA@EXAMPLE.COM	US	17/04/2025 16:45	14/05/2025 15:17
c_0050	  noah  MARTIN	noah@example.com	GB	04/04/2025 13:53	30/05/2025 12:00
c_0051	Mason NGUYEN	mason@test.org	gb	26/04/2025 20:22	08/06/2025 20:21
c_0052	Ava Lee	ava@example.com	GB	02/05/2025 11:40	17/05/2025 19:46
c_0053	Casey Nguyen	casey@mail.com	US	18/04/2025 13:42	16/06/2025 21:31
c_0054	Liam Kim	liam@example.com	CA	08/05/2025 10:53	27/05/2025 11:46
c_0055	Taylor Nguyen	taylor@mail.com	US	17/03/2025 08:06	06/05/2025 10:40
c_0056	Jordan Williams	jordan@example.com	US	24/03/2025 16:49	20/04/2025 10:08
c_0057	Noah Brown	noah@shop.net	US	22/04/2025 16:10	12/06/2025 07:23
c_0058	Taylor Martinez	taylor@test.org	US	25/05/2025 18:38	08/07/2025 15:11
c_0059	Ava Martin	ava@test.org	DE	06/05/2025 17:02	17/06/2025 07:06
c_0060	Liam JOHNSON	liam@test.org	US	31/05/2025 21:39	19/07/2025 10:13
c_0061	Casey MARTINEZ	casey@example.com	US	21/03/2025 15:48	30/03/2025 07:55
c_0062	Quinn Davis	quinn@example.com	US	03/03/2025 18:06	18/03/2025 17:57
c_0063	Morgan Martin	morgan@shop net	US	12/04/2025 09:58	01/06/2025 17:06
c_0064	Logan Johnson	logan@test.org	DE	08/04/2025 12:07	06/05/2025 21:40
c_0065	Jordan Garcia	jordan@example.com	GB	07/03/2025 14:30	26/03/2025 08:56
c_0066	Morgan Anderson	morgan@mail.com	US	16/03/2025 10:09	07/04/2025 15:51
c_0067	Emery Kim	emery@shop.net	usa	13/03/2025 21:37	02/04/2025 17:11
c_0068	Alex NGUYEN	alex@shop.net	US	24/03/2025 12:07	20/04/2025 11:24
c_0069	Avery Patel	avery@test.org	US	07/04/2025 08:32	29/04/2025 08:22
c_0070	Sophia Kim	sophia@mail.com	US	31/03/2025 13:30	17/05/2025 16:15
c_0071	Sophia Martinez	sophia@mail.com	US	22/03/2025 16:11	12/05/2025 15:07
c_0072	Morgan Smith	morgan@shop.net	DE	10/04/2025 09:15	18/05/2025 15:47
c_0073	Isabella JONES	isabellatest.org	US	25/05/2025 20:04	26/05/2025 12:04
c_0074	Morgan Johnson	morgan@shop.net	GB	14/04/2025 21:46	11/06/2025 17:50
c_0075	Morgan BROWN	morgan@test.org	GB	24/03/2025 07:40	26/04/2025 21:29
c_0076	  sophia  Moore	sophia@example.com	DE	22/03/2025 17:20	29/03/2025 15:46
c_0077	Reese Moore	reese@shop.net	US	08/04/2025 08:25	24/04/2025 12:15
c_0078	Mia Martinez	mia@test.org	usa	21/04/2025 08:38	07/05/2025 10:06
c_0079	Mason Nguyen	mason@shop.net	US	15/03/2025 19:34	07/05/2025 07:25
c_0080	Skyler Hernandez	skyler@test.org	usa	23/03/2025 09:16	27/03/2025 08:55
c_0081	Jordan Martinez	jordan@test.org	US	04/04/2025 13:56	13/05/2025 11:55
c_0082	  rowan  Wilson	rowan@mail.com	us	08/06/2025 10:47	14/06/2025 09:55
c_0083	Liam JOHNSON	liam@shop.net	DE	22/04/2025 18:20	18/06/2025 10:49
c_0084	Mia Nguyen	mia@mail.com	GB	09/04/2025 18:00	30/04/2025 12:37
c_0085	Emma Wilson	emma@mail.com	gbr	05/05/2025 14:07	31/05/2025 20:36
c_0086	Ava Moore	ava@example.com	US	24/03/2025 10:07	12/05/2025 17:16
c_0087	  ava  JONES	ava@shop.net	CA	27/03/2025 16:16	08/05/2025 12:18
c_0088	  mason  Martin	mason@shop.net	US	11/04/2025 15:14	01/06/2025 09:49
c_0089	Jordan Williams	jordan@test.org	US	04/04/2025 18:12	01/05/2025 18:50
c_0090	  avery  Martinez	avery@shop.net	US	15/05/2025 16:54	19/05/2025 19:25
c_0091	Avery Martin	avery@mail.com	US	04/04/2025 17:15	02/06/2025 09:31
c_0092	Olivia Lopez	olivia@mail.com	US	10/04/2025 14:27	17/04/2025 19:02
c_0093	  olivia  Hernandez	olivia@example.com	US	26/03/2025 08:06	08/04/2025 14:48
c_0094	Isabella MARTINEZ	isabella@example.com	DE	06/05/2025 17:52	28/06/2025 11:38
c_0095	Aria WILSON	aria@shop.net	US	29/04/2025 13:46	31/05/2025 12:44
c_0096	Avery Brown	avery@shop.net	DE	14/05/2025 15:02	15/06/2025 09:14
c_0097	Sophia WILSON	sophia@test.org	US	17/03/2025 19:56	24/04/2025 08:34
c_0098	  aria  Nguyen	aria@test.org	US	04/05/2025 15:38	03/06/2025 11:34
c_0099	Reese JOHNSON	reese@shop.net	DE	29/03/2025 14:06	27/04/2025 12:15
c_0100	Aria LOPEZ	aria@shop.net	US	06/06/2025 10:26	20/06/2025 19:40
c_0101	Avery Williams	avery@test.org	US	17/03/2025 11:17	06/04/2025 11:08
c_0102	Noah MOORE	noah@test.org	us	21/03/2025 14:30	08/04/2025 17:44
c_0103	  reese  Nguyen	reese@example.com	US	16/05/2025 15:55	06/06/2025 16:19
c_0104	Aria Lee	aria@mail.com	CA	28/03/2025 15:59	30/04/2025 13:07
c_0105	Sophia Hernandez	sophia@mail.com	US	13/04/2025 14:12	29/05/2025 11:03
c_0106	Logan Anderson	logan@test.org	US	31/05/2025 13:25	03/06/2025 16:44
c_0107	Taylor MOORE	taylor@shop.net	CA	03/04/2025 16:46	21/04/2025 13:01
c_0108	Avery Wilson	avery@example.com	US	24/03/2025 09:03	16/05/2025 12:54
c_0109	Avery KIM	avery@example.com	US	14/04/2025 07:27	03/05/2025 16:21
c_0110	Alex Davis	alex@test.org	US	24/03/2025 14:38	27/04/2025 18:27
c_0111	Mason Patel	mason@test.org	CA	26/03/2025 19:26	22/05/2025 16:07
c_0112	Parker Johnson	parker@example.com	us	15/05/2025 10:02	04/07/2025 09:56
c_0113	Emma KIM	emma@example.com	CA	01/04/2025 20:20	18/05/2025 18:30
c_0114	Olivia Jones	olivia@example.com	US	18/03/2025 16:04	11/05/2025 20:39
c_0115	Rowan Williams	rowan@example.com	US	12/04/2025 07:31	13/05/2025 16:31
c_0116	  olivia  Wilson	olivia@mail.com	US	11/04/2025 10:53	26/05/2025 11:40
c_0117	Jordan Wilson	jordan@test org	GB	09/03/2025 19:23	25/04/2025 12:47
c_0118	Parker Chen	parker@example.com	DE	02/04/2025 13:54	19/04/2025 11:39
c_0119	Ava Anderson	ava@shop.net	DE	27/03/2025 16:36	22/05/2025 12:12
c_0120	Casey MOORE	casey@mail.com	DE	24/04/2025 09:12	22/05/2025 21:49
c_0121	Aria Martinez	aria@example com	US	30/04/2025 10:29	14/05/2025 17:30
c_0122	Ava Davis	ava@test org	US	25/04/2025 08:54	01/06/2025 14:13
c_0123	Skyler BROWN	skyler@example.com	US	07/05/2025 17:48	22/05/2025 13:13
c_0124	Isabella Jones	isabella@mail.com	US	27/04/2025 09:45	01/06/2025 13:39
c_0125	Olivia Lee	olivia@shop.net	DE	11/05/2025 18:14	21/06/2025 17:08
c_0126	Ava Anderson	ava@mail.com	US	24/04/2025 10:59	26/05/2025 19:06
c_0127	Quinn Jones	quinn@mail.com	US	06/05/2025 19:50	22/05/2025 13:27
c_0128	Rowan MARTINEZ	ROWAN@MAIL.COM	US	28/03/2025 10:08	14/05/2025 11:22
c_0129	Riley Lopez	riley@example.com	US	13/05/2025 09:41	04/06/2025 15:33
c_0130	Mia CHEN	mia@test.org	GB	03/05/2025 12:12	18/05/2025 16:00
c_0131	Parker Thomas	parker@test.org	US	21/05/2025 07:52	29/06/2025 12:22
c_0132	Isabella Garcia	isabella@shop.net	gb	09/04/2025 17:28	06/06/2025 17:21
c_0133	Mia Smith	mia@test.org	US	09/06/2025 15:12	31/07/2025 11:59
c_0134	  emma  Thomas	emma@shop.net	deu	22/03/2025 08:23	25/04/2025 19:00
c_0135	Casey Martinez	casey@shop.net	US	10/03/2025 19:29	22/04/2025 07:38
c_0136	Isabella Martin	isabella@shop.net	US	30/03/2025 14:59	27/04/2025 16:41
c_0137	  skyler  Thomas	skyler@shop.net	US	20/06/2025 10:44	31/07/2025 17:41
c_0138	Noah Lopez	noah@shop.net	US	05/03/2025 18:42	19/04/2025 11:19
c_0139	Casey Hernandez	CASEY@SHOP.NET	US	06/04/2025 11:40	31/05/2025 07:24
c_0140	Morgan Patel	morgan@example.com	US	03/04/2025 20:02	16/04/2025 11:45
c_0141	Taylor Moore	taylor@mail.com	US	03/04/2025 12:44	21/04/2025 20:41
c_0142	Morgan Lee	morgan@test.org	US	26/03/2025 13:47	28/03/2025 16:23
c_0143	Mason Thomas	mason@mail.com	us	16/03/2025 21:46	11/04/2025 19:46
c_0144	Emma Martin	emma@shop.net	US	22/05/2025 11:04	09/06/2025 20:49
c_0145	Parker Nguyen	parker@mail.com	US	24/05/2025 11:47	21/06/2025 16:40
c_0146	Emery Patel	emery@shop.net	CA	20/06/2025 12:02	24/06/2025 18:35
c_0147	Morgan Lee	morgan@shop.net	US	24/03/2025 12:31	27/03/2025 07:24
c_0148	Olivia Jones	olivia@test.org	US	19/03/2025 12:50	11/05/2025 08:13
c_0149	Parker Hernandez	parker@test.org	US	27/05/2025 10:55	01/06/2025 17:24
c_0150	  mia  Garcia	mia@shop.net	US	26/03/2025 18:52	19/05/2025 15:59
c_0151	Rowan BROWN	rowan@test.org	US	07/04/2025 16:31	20/04/2025 13:39
c_0152	Emma LOPEZ	emmatest.org	US	05/03/2025 19:09	12/03/2025 13:20
c_0153	  casey  SMITH	casey@example.com	US	19/03/2025 12:29	18/04/2025 11:35
c_0154	  isabella  Chen	isabella@shop.net	US	25/03/2025 13:04	01/05/2025 13:33
c_0155	Liam Martinez	liam@test.org	US	10/04/2025 07:47	05/06/2025 12:36
c_0156	Mason Wilson	mason@test.org	US	28/03/2025 15:35	19/05/2025 14:21
c_0157	Mason Williams	mason@example.com	US	14/03/2025 09:44	01/05/2025 11:44
c_0158	Mason Nguyen	mason@example.com	GB	18/03/2025 07:45	10/05/2025 10:15
c_0159	Parker PATEL	parker@example.com	DE	26/04/2025 11:58	18/06/2025 12:47
c_0160	Rowan Anderson	rowan@test org	US	25/03/2025 07:10	11/04/2025 16:28
c_0161	Jordan Anderson	jordan@example.com	CA	26/03/2025 15:56	22/04/2025 13:57
c_0162	Quinn GARCIA	quinn@test.org	DE	18/04/2025 20:17	11/06/2025 21:04
c_0163	Isabella WILLIAMS	isabella@example.com	GB	21/04/2025 08:20	20/05/2025 21:19
c_0164	Liam Davis	liamshop.net	usa	27/03/2025 12:21	20/05/2025 08:46
c_0165	Skyler Garcia	skyler@mail.com	US	21/04/2025 14:44	24/04/2025 08:39
c_0166	Mason Thomas	mason@mail.com	US	31/03/2025 11:14	08/05/2025 10:50
c_0167	Avery Brown	avery@shop.net	CA	09/04/2025 11:29	02/05/2025 09:47
c_0168	Quinn Nguyen	quinn@mail.com	US	09/04/2025 09:37	18/04/2025 16:18
c_0169	Noah Garcia	noah@mail.com	US	21/04/2025 13:32	19/05/2025 18:45
c_0170	Skyler Hernandez	skyler@mail.com	can	03/04/2025 20:41	05/04/2025 18:26
c_0171	Sophia Moore	sophia@example.com	US	20/03/2025 13:12	08/04/2025 10:56
c_0172	  alex  Anderson	alex@test.org	US	10/03/2025 13:52	18/04/2025 10:55
c_0173	  emery  Wilson	emery@mail.com	US	17/05/2025 11:50	05/07/2025 13:35
c_0174	Reese Davis	reese@mail.com	usa	12/04/2025 09:43	27/04/2025 12:18
c_0175	  mason  Jones	mason@mail.com	US	03/07/2025 21:12	31/07/2025 13:11
c_0176	Riley DAVIS	riley@example.com	US	31/03/2025 14:49	19/04/2025 17:33
c_0177	Ava Moore	ava@mail.com	usa	07/03/2025 15:35	20/04/2025 17:07
c_0178	  alex  Anderson	alexshop.net	US	11/04/2025 08:13	10/05/2025 10:24
c_0179	Taylor Smith	taylor@test.org	GB	10/04/2025 09:25	16/04/2025 16:35
c_0180	Skyler Wilson	skyler@test.org	US	12/04/2025 12:52	12/04/2025 20:12
c_0181	Mason Johnson	mason@test.org	US	02/05/2025 09:56	11/06/2025 18:06
c_0182	Sophia Davis	sophia@mail.com	US	30/04/2025 16:38	09/06/2025 11:13
c_0183	Parker SMITH	parker@shop.net	GB	23/03/2025 07:23	19/04/2025 20:16
c_0184	Jordan Chen	jordan@shop.net	us	23/03/2025 18:17	03/04/2025 10:15
c_0185	  logan  JOHNSON	logan@test.org	US	13/03/2025 10:31	03/05/2025 13:16
c_0186	Sophia DAVIS	sophia@mail.com	US	19/03/2025 21:00	03/04/2025 21:35
c_0187	Alex Lee	alex@shop.net	US	07/04/2025 14:23	23/04/2025 19:55
c_0188	Aria Patel	aria@mail.com	CA	03/04/2025 19:22	13/04/2025 15:51
c_0189	Quinn Thomas	quinnmail.com	us	14/04/2025 08:14	02/06/2025 15:36
c_0190	Olivia Kim	olivia@test.org	US	30/04/2025 21:45	22/06/2025 20:38
c_0191	Taylor Anderson	taylor@shop.net	US	20/06/2025 11:47	21/07/2025 17:58
c_0192	Emery Johnson	emery@shop.net	DE	03/04/2025 14:37	13/04/2025 11:45
c_0193	Skyler Brown	skyler@test.org	US	18/04/2025 17:01	13/06/2025 07:25
c_0194	Emma Jones	emma@example.com	can	22/04/2025 13:27	19/06/2025 10:56
c_0195	Quinn Martin	quinn@shop.net	US	12/03/2025 13:52	05/04/2025 14:26
c_0196	Quinn Martinez	quinn@shop.net	de	06/05/2025 08:26	27/05/2025 09:46
c_0197	  jordan  Williams	jordan@shop.net	US	18/05/2025 13:51	03/06/2025 18:43
c_0198	Emery Martin	emery@example.com	US	21/05/2025 21:51	13/07/2025 15:34
c_0199	Jordan Lee	jordan@mail.com	US	15/06/2025 13:21	11/07/2025 17:46
c_0200	Mia Kim	mia@shop.net	us	03/05/2025 14:30	28/06/2025 13:25
c_0201	Sophia Brown	sophia@example.com	DE	04/04/2025 12:47	12/05/2025 14:07
c_0202	Ava Wilson	ava@example.com	usa	18/04/2025 07:01	12/06/2025 12:24
c_0203	Emma Johnson	emma@test.org	US	27/06/2025 18:16	31/07/2025 12:39
c_0204	Morgan Garcia	morgan@test.org	US	07/03/2025 11:52	27/03/2025 17:18
c_0205	Emma THOMAS	emma@shop.net	US	04/04/2025 07:37	24/04/2025 14:06
c_0206	Quinn CHEN	quinn@example.com	GB	10/05/2025 07:43	07/07/2025 10:20
c_0207	Parker Hernandez	parker@example.com	US	01/04/2025 21:08	19/04/2025 16:36
c_0208	  quinn  Johnson	quinn@example.com	de	13/03/2025 13:15	06/05/2025 19:00
c_0209	  riley  Martin	RILEY@EXAMPLE.COM	US	04/04/2025 16:26	14/05/2025 07:41
c_0210	Alex Wilson	alex@example.com	GB	29/03/2025 11:34	09/04/2025 10:16
c_0211	Sophia Chen	sophia@shop.net	US	21/04/2025 16:43	21/05/2025 08:08
c_0212	  ava  Wilson	ava@test.org	US	16/05/2025 13:25	22/06/2025 07:31
c_0213	Aria Martin	aria@mail.com	us	18/03/2025 07:33	27/04/2025 14:13
c_0214	Parker Lopez	parker@example.com	US	23/03/2025 12:03	17/04/2025 20:29
c_0215	Emma Smith	emma@mail.com	DE	10/06/2025 21:14	12/07/2025 09:42
c_0216	  taylor  Lopez	taylor@test.org	DE	14/03/2025 11:20	17/04/2025 18:43
c_0217	Isabella Nguyen	isabella@example.com	US	24/03/2025 12:43	24/04/2025 14:50
c_0218	  reese  Thomas	reese@test.org	US	19/04/2025 10:26	14/05/2025 09:38
c_0219	Taylor Patel	taylor@mail.com	US	01/04/2025 12:13	11/04/2025 14:58
c_0220	Reese Patel	reese@mail.com	US	08/04/2025 15:21	23/05/2025 18:22
c_0221	Quinn Smith	quinn@mail.com	US	15/03/2025 13:39	20/04/2025 09:54
c_0222	Aria Brown	aria@mail.com	GB	08/04/2025 18:18	03/05/2025 10:56
c_0223	  liam  Jones	liam@shop.net	US	02/04/2025 14:22	05/05/2025 20:48
c_0224	Emma Johnson	emma@shop.net	DE	26/03/2025 15:14	13/05/2025 07:00
c_0225	Mia Johnson	mia@mail.com	US	14/04/2025 11:37	10/05/2025 18:37
c_0226	  aria  Thomas	aria@shop.net	US	05/04/2025 10:08	22/05/2025 16:02
c_0227	Isabella JOHNSON	isabella@test.org	US	03/05/2025 18:30	17/06/2025 08:19
c_0228	Olivia Johnson	olivia@mail.com	GB	22/03/2025 18:45	06/05/2025 12:19
c_0229	Alex Davis	alex@example.com	US	11/04/2025 09:36	10/05/2025 16:56
c_0230	Riley Martinez	riley@shop.net	US	12/03/2025 08:42	30/04/2025 20:53
c_0231	Emery Wilson	emery@test.org	US	06/06/2025 10:13	23/06/2025 16:07
c_0232	Mason Martin	mason@shop.net	US	11/06/2025 10:27	26/06/2025 15:53
c_0233	Logan Patel	logan@example.com	US	07/03/2025 11:58	31/03/2025 13:58
c_0234	Aria Williams	aria@mail.com	US	26/03/2025 12:08	12/05/2025 13:06
c_0235	  logan  ANDERSON	logan@test.org	GB	22/04/2025 12:48	04/05/2025 12:33
c_0236	Liam Martinez	liam@mail com	US	05/05/2025 18:45	05/06/2025 10:25
c_0237	  noah  Garcia	noah@shop.net	DE	24/05/2025 12:49	01/07/2025 15:25
c_0238	Noah LOPEZ	noah@shop.net	GB	19/03/2025 11:33	22/03/2025 13:42
c_0239	Emma Martinez	emma@test.org	US	28/03/2025 18:59	06/05/2025 15:20
c_0240	Sophia Williams	sophia@example.com	DE	27/03/2025 19:48	06/05/2025 18:06
c_0241	Alex Nguyen	alex@test.org	US	27/03/2025 16:45	15/04/2025 08:28
c_0242	Logan Jones	logan@mail.com	US	13/03/2025 07:52	17/03/2025 07:57
c_0243	Avery Lopez	avery@example.com	US	11/04/2025 17:57	12/04/2025 09:34
c_0244	Casey JONES	casey@example.com	US	26/03/2025 15:03	10/04/2025 17:44
c_0245	Riley MOORE	riley@test.org	US	04/03/2025 16:48	12/04/2025 11:29
c_0246	Olivia Wilson	olivia@mail.com	GB	07/05/2025 07:53	04/06/2025 10:14
c_0247	Sophia KIM	sophia@shop.net	US	26/03/2025 13:11	10/04/2025 16:04
c_0248	Taylor Moore	taylor@mail.com	US	16/04/2025 14:03	29/05/2025 08:12
c_0249	Rowan Lee	rowan@mail.com	US	27/05/2025 15:43	03/07/2025 14:52
c_0250	Reese Jones	reese@example.com	DE	03/06/2025 21:43	02/07/2025 19:19
c_0251	Noah Garcia	noah@test.org	de	20/03/2025 16:35	26/03/2025 19:41
c_0252	Emery Johnson	emery@example.com	DE	01/05/2025 10:27	28/05/2025 17:18
c_0253	Alex Nguyen	alex@shop.net	us	16/04/2025 13:27	17/05/2025 12:54
c_0254	Sophia Jones	sophiashop.net	DE	25/03/2025 18:57	02/04/2025 21:39
c_0255	Emma Brown	emma@example.com	de	26/03/2025 21:30	21/05/2025 21:09
c_0256	Isabella Garcia	isabella@test.org	gb	18/04/2025 07:59	06/06/2025 11:52
c_0257	Morgan LEE	morgantest.org	US	19/04/2025 17:37	01/06/2025 16:51
c_0258	Logan Kim	logan@example.com	US	04/05/2025 07:22	13/05/2025 11:33
c_0259	  liam  Smith	LIAM@MAIL.COM	GB	27/03/2025 16:33	09/05/2025 21:19
c_0260	Morgan MOORE	morgan@test.org	US	20/06/2025 08:18	31/07/2025 13:39
c_0261	Quinn SMITH	quinn@mail.com	US	05/04/2025 10:23	08/04/2025 13:56
c_0262	  riley  Garcia	riley@test org	DE	08/06/2025 19:36	31/07/2025 10:20
c_0263	Rowan MOORE	rowan@test.org	DE	23/03/2025 16:05	17/05/2025 21:19
c_0264	Riley ANDERSON	riley@test.org	US	05/04/2025 21:04	24/05/2025 21:28
c_0265	Quinn Patel	quinn@test.org	US	25/03/2025 16:14	14/05/2025 14:54
c_0266	Aria Lopez	aria@example.com	US	07/03/2025 16:43	30/04/2025 10:36
c_0267	Alex Chen	alex@example.com	can	06/03/2025 14:24	20/04/2025 21:27
c_0268	Sophia Davis	sophia@example.com	usa	12/03/2025 16:22	14/03/2025 18:07
c_0269	Quinn Brown	quinn@test.org	US	25/03/2025 17:21	30/04/2025 09:05
c_0270	  casey  Johnson	casey@test.org	US	02/06/2025 11:16	12/06/2025 13:06
c_0271	Ava Lee	ava@shop.net	US	25/03/2025 19:13	18/05/2025 12:47
c_0272	Avery Hernandez	avery@test.org	US	12/05/2025 09:45	30/06/2025 12:39
c_0273	Avery Martin	avery@mail.com	CA	09/03/2025 13:40	18/04/2025 07:01
c_0274	Olivia Williams	olivia@mail.com	US	25/03/2025 10:14	11/04/2025 17:16
c_0275	Emma GARCIA	emma@mail.com	US	20/04/2025 08:30	27/04/2025 17:15
c_0276	Skyler Brown	skyler@test.org	CA	26/04/2025 10:14	26/04/2025 17:07
c_0277	Isabella Williams	isabella@mail.com	CA	30/04/2025 12:09	07/05/2025 11:25
c_0278	Rowan Martin	rowan@example.com	DE	06/05/2025 14:35	02/07/2025 10:30
c_0279	Jordan Moore	jordan@example.com	DE	09/03/2025 13:55	22/04/2025 08:40
c_0280	Morgan HERNANDEZ	morgan@mail.com	DE	07/05/2025 14:26	07/05/2025 15:42
c_0281	Rowan Garcia	rowan@mail.com	GB	26/03/2025 18:59	23/04/2025 15:22
c_0282	Noah Anderson	noah@test.org	US	04/05/2025 09:14	10/05/2025 08:28
c_0283	Isabella Smith	isabella@mail.com	US	28/05/2025 21:16	05/06/2025 13:12
c_0284	Logan Hernandez	logan@shop.net	gb	02/04/2025 10:34	17/05/2025 10:26
c_0285	Quinn Martin	quinn@test.org	DE	02/05/2025 11:00	19/05/2025 17:51
c_0286	Aria Patel	aria@mail.com	US	12/04/2025 19:51	19/05/2025 18:02
c_0287	Avery Patel	avery@mail.com	US	05/04/2025 14:14	14/05/2025 07:16
c_0288	  skyler  Martin	skyler@example.com	DE	10/03/2025 13:09	04/04/2025 21:11
c_0289	Olivia THOMAS	olivia@shop.net	CA	03/04/2025 11:49	27/05/2025 10:07
c_0290	Aria Johnson	ARIA@MAIL.COM	US	17/05/2025 13:16	01/07/2025 09:38
c_0291	  taylor  Garcia	taylor@mail.com	DE	12/04/2025 21:51	16/05/2025 21:35
c_0292	Mia Brown	mia@shop.net	DE	13/04/2025 21:39	18/04/2025 17:58
c_0293	Quinn Patel	quinn@mail.com	us	28/03/2025 12:29	28/04/2025 21:22
c_0294	Alex Patel	alex@mail.com	deu	01/05/2025 12:00	11/06/2025 15:37
c_0295	  quinn  Anderson	quinn@shop.net	GB	09/03/2025 15:09	07/05/2025 20:44
c_0296	Mason Kim	mason@example.com	CA	18/03/2025 20:44	15/05/2025 16:37
c_0297	Morgan MARTIN	morgan@mail.com	US	09/04/2025 19:01	12/05/2025 16:30
c_0298	  olivia  Chen	olivia@test.org	GB	15/03/2025 21:18	06/04/2025 13:42
c_0299	Ava Davis	ava@mail.com	US	20/03/2025 08:47	05/04/2025 15:12
c_0300	Isabella Kim	isabella@shop.net	DE	09/03/2025 10:52	19/03/2025 11:17
c_0301	Emma Patel	emma@example.com	US	20/05/2025 21:49	05/06/2025 13:31
c_0302	Morgan Davis	morgan@example.com	CA	24/03/2025 12:42	27/03/2025 17:50
c_0303	Avery Wilson	averytest.org	usa	01/04/2025 12:43	05/04/2025 20:12
c_0304	Liam Martin	liam@example.com	DE	05/03/2025 09:06	21/03/2025 09:32
c_0305	Liam Brown	liam@shop.net	US	05/05/2025 21:43	27/05/2025 10:07
c_0306	Jordan Martinez	jordan@shop.net	US	19/06/2025 16:39	01/07/2025 20:38
c_0307	Avery Thomas	avery@mail.com	US	04/05/2025 07:37	11/05/2025 21:56
c_0308	Parker Moore	parker@mail.com	ca	06/06/2025 18:10	23/06/2025 20:55
c_0309	Alex Kim	alex@shop.net	GB	13/04/2025 11:57	28/04/2025 18:24
c_0310	Rowan Lee	rowan@mail.com	US	03/04/2025 10:03	25/04/2025 12:41
c_0311	Ava HERNANDEZ	ava@example.com	usa	22/03/2025 09:50	03/04/2025 18:51
c_0312	  aria  Nguyen	aria@example.com	us	12/04/2025 21:48	15/04/2025 14:46
c_0313	Mia Smith	mia@example.com	US	23/04/2025 20:51	25/05/2025 13:40
c_0314	Quinn Lopez	quinn@mail.com	US	22/03/2025 17:04	21/04/2025 17:22
c_0315	Morgan DAVIS	morgan@example.com	US	22/04/2025 12:08	08/05/2025 10:28
c_0316	  logan  Brown	logan@mail.com	US	29/03/2025 21:33	02/04/2025 12:47
c_0317	Parker Chen	parker@mail.com	US	08/04/2025 21:41	17/05/2025 10:04
c_0318	Emma Martinez	emma@test.org	deu	30/03/2025 08:15	31/03/2025 19:43
c_0319	Riley GARCIA	riley@test.org	usa	05/03/2025 18:02	31/03/2025 13:01
c_0320	Jordan Smith	jordan@test.org	GB	04/04/2025 20:54	13/04/2025 17:59
c_0321	Morgan Chen	morgan@test.org	GB	30/03/2025 12:17	06/05/2025 21:21
c_0322	Avery Moore	avery@shop.net	US	02/05/2025 18:18	03/05/2025 11:52
c_0323	Ava Lopez	ava@test.org	deu	14/03/2025 08:59	18/04/2025 07:13
c_0324	Jordan Moore	jordan@mail.com	US	09/04/2025 08:44	15/04/2025 14:07
c_0325	Skyler Lopez	skyler@test.org	US	01/04/2025 12:03	26/05/2025 16:01
c_0326	Alex Chen	alex@mail.com	GB	29/04/2025 11:24	19/05/2025 07:07
c_0327	Logan Chen	logan@test.org	DE	09/04/2025 12:49	30/04/2025 13:02
c_0328	Rowan Lopez	rowanshop.net	US	01/04/2025 16:58	26/05/2025 18:50
c_0329	  isabella  Lee	isabella@mail.com	GB	13/05/2025 13:04	06/07/2025 15:57
c_0330	Liam Anderson	liam@shop.net	US	26/05/2025 11:39	23/06/2025 13:22
c_0331	Logan Kim	logan@example.com	US	11/03/2025 12:14	11/03/2025 12:17
c_0332	Mia Garcia	mia@shop.net	usa	25/05/2025 10:13	17/07/2025 12:16
c_0333	  mia  Chen	mia@test.org	GB	15/04/2025 12:45	01/06/2025 13:54
c_0334	Rowan Anderson	rowan@test.org	US	08/04/2025 10:42	16/04/2025 14:13
c_0335	Avery Johnson	avery@test.org	gbr	16/05/2025 16:52	30/06/2025 16:41
c_0336	Mia Nguyen	mia@test.org	US	18/04/2025 12:45	09/05/2025 20:36
c_0337	Aria NGUYEN	aria@example.com	deu	10/04/2025 21:17	01/06/2025 18:32
c_0338	  emma  Lee	emma@test.org	CA	10/05/2025 17:27	28/06/2025 15:11
c_0339	Avery Martin	avery@mail.com	US	17/03/2025 08:23	24/03/2025 15:40
c_0340	Parker Nguyen	parker@example.com	CA	11/04/2025 12:01	06/06/2025 14:48
c_0341	Alex Lee	alex@shop.net	CA	27/04/2025 07:04	08/05/2025 08:47
c_0342	Taylor Lee	taylor@test.org	us	30/03/2025 07:48	19/05/2025 19:56
c_0343	  quinn  Nguyen	quinn@test.org	us	28/03/2025 16:24	03/04/2025 10:47
c_0344	Aria DAVIS	aria@mail.com	US	16/03/2025 18:36	12/04/2025 14:49
c_0345	Jordan PATEL	jordan@example.com	US	28/03/2025 11:58	25/04/2025 21:21
c_0346	Sophia Smith	sophia@test.org	DE	14/03/2025 10:00	23/04/2025 17:14
c_0347	Parker Hernandez	parker@mail.com	US	18/03/2025 08:50	13/05/2025 10:33
c_0348	Sophia Martin	sophia@example.com	US	13/03/2025 13:29	14/03/2025 17:37
c_0349	Emma Williams	emma@example.com	US	24/04/2025 21:44	21/06/2025 18:30
c_0350	Ava Hernandez	ava@example.com	US	27/03/2025 10:44	10/05/2025 17:04
c_0351	Sophia CHEN	sophia@example.com	US	14/04/2025 09:33	24/04/2025 19:22
c_0352	Alex Garcia	alex@mail.com	US	14/03/2025 17:44	13/04/2025 17:55
c_0353	Ava Moore	ava@shop.net	CA	26/03/2025 14:50	07/04/2025 21:25
c_0354	Noah Smith	noah@test.org	GB	11/06/2025 07:16	19/06/2025 10:13
c_0355	  olivia  JONES	olivia@mail.com	CA	02/05/2025 14:34	27/05/2025 16:35
c_0356	Logan LEE	logan@test.org	US	10/03/2025 14:38	09/04/2025 15:08
c_0357	Skyler KIM	skyler@mail.com	usa	08/04/2025 11:32	09/05/2025 21:17
c_0358	Rowan Moore	rowan@test.org	us	13/03/2025 19:41	01/04/2025 07:30
c_0359	Jordan Chen	jordan@mail.com	US	25/05/2025 21:44	11/07/2025 21:16
c_0360	Sophia Lopez	sophia@mail.com	US	17/04/2025 18:50	06/05/2025 15:15
c_0361	  skyler  Brown	skyler@test.org	US	21/06/2025 21:30	04/07/2025 16:53
c_0362	Emma ANDERSON	emma@shop.net	usa	27/03/2025 16:01	29/03/2025 17:23
c_0363	Isabella Kim	isabella@test.org	US	11/04/2025 07:45	13/05/2025 20:07
c_0364	  emery  Smith	emery@test.org	DE	23/04/2025 14:33	06/05/2025 07:28
c_0365	Emma Nguyen	emma@shop.net	CA	11/05/2025 19:21	27/05/2025 12:42
c_0366	  noah  Thomas	noah@test.org	US	30/03/2025 08:59	12/04/2025 12:44
c_0367	Riley NGUYEN	riley@mail.com	US	20/03/2025 16:55	03/05/2025 13:58
c_0368	Riley Chen	riley@test.org	US	06/03/2025 16:53	23/04/2025 13:47
c_0369	Sophia Thomas	sophia@mail.com	US	06/05/2025 17:50	08/05/2025 20:09
c_0370	Aria MOORE	aria@shop.net	CA	10/03/2025 18:48	07/05/2025 17:05
c_0371	Riley HERNANDEZ	riley@example.com	US	03/03/2025 11:02	23/03/2025 13:26
c_0372	  logan  Lee	logan@test.org	GB	30/03/2025 21:27	02/05/2025 08:16
c_0373	Skyler Johnson	skyler@test.org	US	28/05/2025 18:02	18/07/2025 10:09
c_0374	Casey HERNANDEZ	casey@shop.net	US	10/04/2025 18:08	31/05/2025 16:08
c_0375	Aria Martinez	aria@mail.com	GB	07/04/2025 13:30	23/04/2025 08:58
c_0376	  sophia  NGUYEN	sophia@example.com	GB	10/04/2025 18:44	30/05/2025 14:58
c_0377	Morgan Chen	morgan@shop.net	usa	28/04/2025 11:17	12/05/2025 20:01
c_0378	Isabella Garcia	isabella@example.com	CA	20/03/2025 10:02	20/03/2025 20:30
c_0379	  emma  Martin	emma@mail.com	can	31/03/2025 08:18	13/04/2025 16:03
c_0380	Quinn JOHNSON	quinn@shop.net	US	26/04/2025 21:31	12/06/2025 09:03
c_0381	Quinn Davis	quinn@test.org	US	19/05/2025 08:10	26/06/2025 17:43
c_0382	Jordan Lee	jordan@shop.net	US	16/04/2025 17:51	18/05/2025 20:07
c_0383	Casey DAVIS	casey@mail.com	GB	06/03/2025 13:58	18/04/2025 11:40
c_0384	  mason  Martinez	mason@mail.com	DE	16/04/2025 14:57	10/06/2025 08:35
c_0385	Aria Kim	aria@shop.net	US	30/04/2025 08:28	27/06/2025 12:05
c_0386	Isabella LOPEZ	isabella@shop.net	US	19/03/2025 08:19	02/05/2025 11:14
c_0387	Skyler Lee	skyler@test.org	US	12/04/2025 15:13	21/04/2025 16:39
c_0388	  taylor  SMITH	taylor@example.com	US	16/04/2025 16:07	06/05/2025 08:01
c_0389	Parker Smith	parker@shop.net	US	11/04/2025 09:03	29/05/2025 11:16
c_0390	  riley  Williams	riley@mail.com	CA	02/05/2025 19:46	28/06/2025 16:30
c_0391	Skyler Martinez	skyler@example.com	DE	12/05/2025 20:37	24/05/2025 15:48
c_0392	Quinn Nguyen	quinn@test.org	can	11/03/2025 21:33	16/03/2025 09:02
c_0393	  liam  Anderson	liam@test.org	CA	27/04/2025 15:40	22/05/2025 18:09
c_0394	Noah KIM	noah@mail.com	US	18/04/2025 07:03	15/05/2025 09:41
c_0395	  noah  Martin	noah@mail.com	US	08/06/2025 15:18	19/06/2025 20:16
c_0396	Parker Nguyen	parker@shop.net	US	13/04/2025 21:37	16/05/2025 09:18
c_0397	Skyler Davis	skyler@mail.com	us	13/04/2025 12:58	18/05/2025 19:56
c_0398	Olivia Nguyen	olivia@shop.net	usa	03/05/2025 19:07	26/06/2025 13:54
c_0399	  mason  Williams	mason@shop.net	DE	08/03/2025 10:20	05/04/2025 11:47
c_0400	Morgan LEE	morgan@mail.com	US	31/03/2025 10:41	25/04/2025 12:02
c_0401	Logan Garcia	logan@test.org	gbr	06/05/2025 14:43	14/05/2025 14:02
c_0402	  emma  Kim	emma@mail.com	US	15/04/2025 08:26	02/05/2025 11:44
c_0403	  noah  Kim	noah@shop.net	DE	15/03/2025 14:57	24/04/2025 15:16
c_0404	Jordan Chen	jordan@shop.net	GB	23/05/2025 17:52	21/07/2025 08:30
c_0405	Avery Chen	avery@shop.net	US	14/04/2025 07:38	09/06/2025 18:50
c_0406	Ava Lopez	ava@example.com	US	04/03/2025 16:12	30/03/2025 08:25
c_0407	Parker Lopez	parker@mail.com	DE	11/04/2025 13:20	12/05/2025 20:14
c_0408	Ava Davis	ava@test.org	GB	19/04/2025 09:34	21/05/2025 20:34
c_0409	Emery Hernandez	emery@shop.net	US	15/05/2025 07:52	22/06/2025 18:35
c_0410	Riley Kim	riley@shop.net	DE	20/03/2025 09:08	07/04/2025 20:36
c_0411	Logan Smith	logan@shop.net	deu	18/04/2025 19:01	15/06/2025 20:26
c_0412	Sophia Smith	sophia@test.org	US	19/05/2025 10:30	28/06/2025 09:09
c_0413	Mason Williams	mason@test.org	US	11/05/2025 07:17	18/06/2025 21:20
c_0414	  avery  Thomas	AVERY@SHOP.NET	DE	09/03/2025 08:55	27/03/2025 07:27
c_0415	Alex HERNANDEZ	alex@example.com	DE	01/06/2025 18:10	22/06/2025 13:16
c_0416	Avery Martin	avery@shop net	CA	25/03/2025 12:47	27/03/2025 14:28
c_0417	Emery Kim	emery@mail com	CA	21/04/2025 10:53	13/05/2025 17:34
c_0418	Skyler Moore	skyler@shop.net	US	14/03/2025 17:15	15/03/2025 19:50
c_0419	Noah Davis	noah@shop.net	US	17/03/2025 16:23	23/03/2025 14:47
c_0420	  aria  BROWN	aria@example.com	CA	11/04/2025 19:44	09/05/2025 12:47
c_0421	Reese Martin	reese@mail.com	US	01/05/2025 19:59	24/05/2025 16:47
c_0422	Reese Smith	reese@mail.com	US	28/04/2025 13:08	19/06/2025 20:16
c_0423	  rowan  Lopez	rowan@mail.com	US	04/04/2025 16:55	08/04/2025 19:47
c_0424	Parker HERNANDEZ	parker@mail.com	us	29/03/2025 11:27	04/05/2025 17:42
c_0425	  isabella  Brown	isabella@test.org	US	28/04/2025 10:17	05/05/2025 08:31
c_0426	Liam WILSON	liam@example.com	CA	22/03/2025 09:16	06/05/2025 16:44
c_0427	Morgan JONES	morgan@mail.com	DE	24/03/2025 19:23	30/04/2025 17:17
c_0428	Mason Kim	mason@mail.com	CA	14/04/2025 15:33	16/05/2025 15:55
c_0429	Riley NGUYEN	riley@shop.net	US	16/03/2025 14:31	04/05/2025 09:16
c_0430	Taylor Garcia	taylor@mail.com	us	02/05/2025 15:19	29/06/2025 08:54
c_0431	Aria Martinez	aria@mail.com	US	17/05/2025 17:37	14/06/2025 18:07
c_0432	Taylor KIM	taylor@shop.net	DE	19/05/2025 21:55	03/06/2025 18:58
c_0433	Taylor PATEL	taylor@shop.net	GB	19/05/2025 07:49	30/05/2025 13:18
c_0434	Avery Nguyen	avery@example.com	US	25/04/2025 21:28	13/05/2025 16:55
c_0435	Isabella Brown	isabella@mail.com	US	06/03/2025 10:00	17/04/2025 16:42
c_0436	Sophia Garcia	sophia@shop.net	DE	08/06/2025 16:28	27/06/2025 20:26
c_0437	Mason Patel	mason@test.org	US	09/03/2025 08:24	03/04/2025 14:01
c_0438	Alex Martinez	alex@test.org	deu	05/04/2025 08:09	26/04/2025 11:47
c_0439	Casey Davis	casey@mail.com	US	28/03/2025 15:17	21/04/2025 17:36
c_0440	Jordan Jones	jordan@mail.com	usa	23/03/2025 21:28	12/05/2025 07:40
c_0441	Ava Johnson	ava@test.org	DE	06/05/2025 17:04	20/05/2025 08:27
c_0442	Sophia Kim	sophia@test.org	US	11/06/2025 13:46	05/07/2025 20:00
c_0443	  taylor  Chen	taylor@test.org	us	27/03/2025 13:39	23/05/2025 07:13
c_0444	Isabella Martinez	isabella@example.com	gb	28/03/2025 20:33	07/04/2025 12:04
c_0445	Emma Moore	emma@mail.com	US	05/04/2025 15:47	16/05/2025 12:08
c_0446	Casey LOPEZ	casey@example.com	US	13/03/2025 19:32	08/05/2025 13:21
c_0447	Emery Hernandez	emery@shop.net	DE	04/07/2025 17:40	31/07/2025 07:53
c_0448	Parker Davis	parker@shop.net	GB	22/05/2025 14:46	30/06/2025 20:25
c_0449	Rowan Chen	rowan@example.com	US	21/04/2025 18:12	05/06/2025 07:08
c_0450	Jordan Lopez	jordan@shop.net	DE	23/05/2025 17:27	05/06/2025 10:23
c_0451	  riley  Anderson	riley@mail.com	ca	10/05/2025 13:25	25/06/2025 07:14
c_0452	Liam BROWN	liam@mail.com	US	19/06/2025 15:10	14/07/2025 20:15
c_0453	  reese  HERNANDEZ	reesetest.org	US	13/05/2025 16:18	27/05/2025 21:51
c_0454	Ava Kim	ava@mail.com	US	13/05/2025 12:50	17/06/2025 18:25
c_0455	Mason Martinez	mason@test.org	US	22/03/2025 14:38	28/03/2025 19:19
c_0456	Avery Anderson	avery@mail.com	us	17/04/2025 12:22	01/05/2025 20:11
c_0457	Reese Chen	reese@test.org	US	02/05/2025 13:34	30/06/2025 17:38
c_0458	Emma Garcia	emma@mail.com	US	09/03/2025 10:09	27/03/2025 14:53
c_0459	Avery Smith	avery@mail.com	DE	24/03/2025 12:59	02/05/2025 08:55
c_0460	Liam WILSON	liam@test.org	DE	05/06/2025 10:54	11/06/2025 17:46
c_0461	Mia Johnson	mia@test.org	GB	16/04/2025 21:34	22/04/2025 12:46
c_0462	Isabella Lee	isabella@mail.com	GB	15/04/2025 21:12	02/05/2025 14:42
c_0463	Sophia Williams	sophia@example.com	GB	22/03/2025 16:23	26/04/2025 19:51
c_0464	Ava Kim	ava@mail.com	US	16/05/2025 21:56	05/06/2025 21:02
c_0465	  aria  Lopez	aria@test.org	CA	02/04/2025 08:06	07/05/2025 12:31
c_0466	Emma Brown	emma@mail.com	DE	12/03/2025 21:34	07/05/2025 18:52
c_0467	Casey Jones	casey@mail.com	US	27/04/2025 13:04	15/05/2025 16:23
c_0468	Logan Smith	logan@example.com	DE	04/04/2025 19:51	17/05/2025 13:03
c_0469	Liam Lee	liam@shop.net	us	19/04/2025 11:15	30/04/2025 09:47
c_0470	Quinn NGUYEN	quinn@example.com	US	31/05/2025 14:12	20/07/2025 08:53
c_0471	Rowan Smith	rowan@mail.com	us	02/04/2025 19:53	07/05/2025 09:15
c_0472	  parker  SMITH	parker@example.com	US	04/04/2025 08:21	12/04/2025 08:08
c_0473	Noah Wilson	noah@test.org	US	10/04/2025 08:44	08/06/2025 08:14
c_0474	Aria ANDERSON	aria@shop.net	CA	09/04/2025 12:39	29/04/2025 09:26
c_0475	Casey Nguyen	casey@shop.net	US	15/04/2025 07:06	09/05/2025 14:18
c_0476	Reese Hernandez	reese@example.com	us	27/03/2025 18:10	17/05/2025 12:40
c_0477	Ava MARTIN	ava@mail.com	DE	06/05/2025 21:06	15/06/2025 20:47
c_0478	Jordan Wilson	jordan@test.org	GB	29/03/2025 18:53	07/04/2025 13:05
c_0479	Logan Kim	logan@example.com	US	05/05/2025 07:12	12/05/2025 08:17
c_0480	Sophia Lopez	sophia@mail.com	US	09/05/2025 16:54	19/05/2025 17:34
c_0481	Parker Martin	parker@example.com	US	05/05/2025 13:05	04/06/2025 13:06
c_0482	  mason  Brown	mason@shop.net	US	28/03/2025 19:30	25/04/2025 18:50
c_0483	Alex Brown	alex@shop.net	US	12/05/2025 13:22	23/05/2025 20:42
c_0484	Mason Williams	mason@test.org	DE	11/03/2025 19:36	04/05/2025 17:19
c_0485	Aria Davis	aria@shop.net	US	19/03/2025 08:41	06/04/2025 18:03
c_0486	Aria WILLIAMS	aria@test.org	US	30/03/2025 20:06	22/04/2025 17:21
c_0487	Morgan KIM	morgan@mail.com	GB	08/04/2025 14:57	27/05/2025 16:13
c_0488	  reese  Davis	reese@example.com	US	26/03/2025 16:33	30/03/2025 15:36
c_0489	  olivia  LOPEZ	olivia@test.org	CA	29/03/2025 12:45	22/05/2025 07:40
c_0490	Mason WILLIAMS	mason@shop.net	CA	06/03/2025 12:15	03/05/2025 15:36
c_0491	Quinn HERNANDEZ	quinn@test.org	CA	02/05/2025 11:13	16/06/2025 16:06
c_0492	Emery Lopez	emery@example.com	DE	02/04/2025 07:42	23/04/2025 15:58
c_0493	Morgan Jones	morgan@mail.com	CA	07/03/2025 12:13	22/03/2025 09:22
c_0494	Parker Martinez	parker@shop.net	US	10/05/2025 10:25	27/06/2025 14:25
c_0495	Avery Patel	avery@test.org	GB	29/04/2025 08:32	05/05/2025 19:44
c_0496	Casey Garcia	casey@test.org	GB	03/05/2025 15:27	08/06/2025 07:34
c_0497	  sophia  Martinez	sophia@mail.com	CA	15/03/2025 15:27	31/03/2025 13:32
c_0498	  alex  Patel	alex@mail.com	US	08/04/2025 20:15	10/05/2025 16:01
c_0499	Quinn CHEN	quinn@mail.com	US	20/04/2025 20:19	19/05/2025 21:06
c_0500	Noah Kim	noah@example.com	GB	17/05/2025 10:20	24/05/2025 16:21
c_0501	  mason  Jones	mason@mail.com	CA	21/04/2025 09:54	06/05/2025 07:47
c_0502	Mason MARTIN	mason@mail.com	US	30/03/2025 21:52	19/04/2025 09:37
c_0503	Emery Thomas	emery@test.org	GB	01/05/2025 07:38	27/06/2025 07:28
c_0504	Jordan Martinez	jordan@example.com	US	22/05/2025 14:32	27/06/2025 07:02
c_0505	Reese Lee	reese@test.org	US	20/03/2025 10:42	04/04/2025 20:31
c_0506	Emma LEE	emma@test.org	US	21/04/2025 19:30	05/06/2025 08:17
c_0507	Riley Martin	riley@mail.com	US	28/03/2025 17:37	06/04/2025 07:23
c_0508	Alex Johnson	alex@test.org	US	11/05/2025 13:05	17/05/2025 10:50
c_0509	Ava Moore	ava@mail com	us	11/06/2025 07:32	12/07/2025 13:03
c_0510	  isabella  Davis	isabella@mail.com	US	02/04/2025 08:03	01/05/2025 10:05
c_0511	Noah Hernandez	noah@test.org	GB	18/03/2025 12:26	22/03/2025 13:44
c_0512	Taylor Martinez	taylor@shop.net	US	29/04/2025 19:59	13/06/2025 19:04
c_0513	Skyler Johnson	skyler@mail.com	US	21/03/2025 14:31	28/04/2025 07:07
c_0514	  emery  Kim	emery@example.com	US	23/04/2025 15:47	08/06/2025 14:55
c_0515	Casey Davis	casey@test.org	US	09/03/2025 07:54	22/03/2025 11:53
c_0516	Parker MARTINEZ	parker@test.org	US	12/05/2025 13:06	16/06/2025 13:57
c_0517	Mason NGUYEN	mason@shop.net	US	08/03/2025 21:02	25/03/2025 20:59
c_0518	Reese Hernandez	reese@mail.com	US	22/03/2025 17:35	03/05/2025 15:08
c_0519	  ava  MOORE	ava@example.com	usa	26/03/2025 16:19	04/04/2025 20:08
c_0520	Logan Smith	logan@shop.net	US	12/05/2025 09:41	31/05/2025 15:05
c_0521	Mason Nguyen	mason@mail.com	CA	06/04/2025 10:15	22/04/2025 12:52
c_0522	Quinn Lee	quinn@mail.com	US	07/04/2025 21:24	26/04/2025 15:29
c_0523	Sophia JONES	sophia@mail.com	CA	05/04/2025 13:08	24/05/2025 11:57
c_0524	Reese Jones	reese@example.com	US	20/04/2025 09:09	12/06/2025 10:35
c_0525	Olivia Lopez	olivia@test.org	US	16/04/2025 16:47	14/05/2025 08:15
c_0526	  alex  Wilson	alex@mail.com	DE	02/04/2025 09:17	20/05/2025 12:27
c_0527	Riley Davis	riley@mail.com	US	29/03/2025 21:28	13/04/2025 13:39
c_0528	Riley GARCIA	riley@mail.com	US	11/03/2025 20:05	21/04/2025 07:43
c_0529	Isabella Williams	ISABELLA@TEST.ORG	US	07/04/2025 20:14	24/04/2025 21:15
c_0530	Alex Williams	alex@shop.net	DE	13/03/2025 07:55	18/04/2025 11:39
c_0531	Noah Hernandez	noah@mail.com	US	11/04/2025 18:32	20/04/2025 13:14
c_0532	Reese Chen	REESE@EXAMPLE.COM	US	03/04/2025 09:48	20/05/2025 20:12
c_0533	Olivia Davis	olivia@shop.net	CA	29/03/2025 07:15	18/04/2025 17:27
c_0534	  mia  Wilson	mia@mail.com	GB	17/04/2025 16:39	13/05/2025 16:53
c_0535	Riley Smith	riley@example.com	CA	21/04/2025 16:54	16/06/2025 08:00
c_0536	  mason  Nguyen	mason@mail.com	US	14/04/2025 08:39	26/04/2025 08:56
c_0537	  sophia  KIM	sophia@shop.net	US	21/03/2025 19:07	03/05/2025 21:44
c_0538	Quinn ANDERSON	quinn@test.org	GB	12/04/2025 14:24	20/04/2025 15:46
c_0539	Rowan Jones	rowan@mail.com	US	30/03/2025 12:05	13/04/2025 13:43
c_0540	  logan  Martin	logan@mail.com	US	23/05/2025 19:08	14/06/2025 12:01
c_0541	Parker Chen	parker@test.org	US	31/03/2025 18:45	15/05/2025 10:02
c_0542	Isabella Lopez	isabella@test.org	US	15/04/2025 17:17	12/05/2025 15:05
c_0543	Casey WILLIAMS	casey@shop.net	usa	25/03/2025 18:24	04/05/2025 08:47
c_0544	Jordan Moore	JORDAN@EXAMPLE.COM	US	22/03/2025 14:56	20/05/2025 12:40
c_0545	Skyler Williams	skyler@shop.net	US	26/03/2025 14:44	13/04/2025 10:56
c_0546	Casey Moore	casey@shop.net	GB	20/04/2025 08:48	23/04/2025 09:38
c_0547	  noah  CHEN	noah@test org	DE	26/03/2025 19:00	19/05/2025 14:44
c_0548	Taylor Brown	taylor@shop.net	US	17/04/2025 20:16	14/06/2025 15:36
c_0549	Avery Jones	avery@mail.com	DE	16/04/2025 14:34	10/06/2025 15:16
c_0550	Jordan Davis	jordan@shop.net	de	09/04/2025 12:17	12/05/2025 14:00
c_0551	Emma Moore	emma@shop.net	US	16/03/2025 21:56	14/04/2025 21:42
c_0552	Avery Hernandez	avery@mail.com	DE	31/05/2025 08:44	19/07/2025 20:13
c_0553	Morgan Hernandez	morgan@example.com	DE	15/03/2025 09:18	25/03/2025 15:02
c_0554	  morgan  JONES	morgan@mail.com	DE	22/04/2025 11:19	03/05/2025 13:57
c_0555	  alex  Johnson	alex@test org	CA	27/04/2025 15:06	11/05/2025 14:15
c_0556	Taylor Anderson	taylor@example.com	DE	06/04/2025 10:28	26/05/2025 16:40
c_0557	Rowan Wilson	rowan@shop.net	US	21/04/2025 17:41	13/06/2025 20:24
c_0558	Mia CHEN	mia@shop.net	US	09/03/2025 11:39	18/03/2025 11:02
c_0559	Liam MARTINEZ	liam@mail.com	US	01/04/2025 18:57	10/04/2025 20:32
c_0560	Jordan Smith	jordan@mail.com	DE	01/04/2025 14:47	12/05/2025 10:03
c_0561	Rowan Thomas	rowan@mail.com	DE	17/03/2025 16:07	26/03/2025 19:28
c_0562	Liam Moore	liam@test.org	us	02/03/2025 20:46	07/04/2025 11:52
c_0563	  jordan  Thomas	jordan@shop.net	us	03/04/2025 13:00	04/05/2025 07:49
c_0564	  isabella  Martin	isabella@test.org	usa	23/05/2025 14:37	15/06/2025 21:28
c_0565	  quinn  Williams	quinn@example com	US	01/04/2025 18:47	11/05/2025 11:12
c_0566	Skyler Thomas	skyler@mail.com	CA	09/04/2025 08:03	04/05/2025 18:27
c_0567	Casey Davis	casey@test.org	US	05/03/2025 12:36	15/04/2025 12:05
c_0568	Liam Chen	liam@example.com	US	22/05/2025 20:29	07/07/2025 16:41
c_0569	Isabella Garcia	isabella@test.org	US	02/05/2025 09:45	22/06/2025 16:54
c_0570	Emery Lee	emery@example.com	US	19/06/2025 12:42	31/07/2025 11:23
c_0571	Morgan Smith	morgan@test.org	DE	06/06/2025 08:13	25/06/2025 12:24
c_0572	  noah  Lee	noah@example.com	CA	01/04/2025 08:40	12/05/2025 08:34
c_0573	  riley  Davis	riley@test.org	GB	25/03/2025 16:35	18/04/2025 18:09
c_0574	Emery Nguyen	emery@example.com	US	08/04/2025 16:27	02/06/2025 09:56
c_0575	Olivia Garcia	olivia@test.org	usa	09/05/2025 10:41	18/05/2025 09:35
c_0576	Mia Patel	mia@shop.net	US	13/04/2025 14:03	17/05/2025 10:40
c_0577	Alex MARTINEZ	alex@test.org	CA	23/03/2025 21:07	23/04/2025 12:25
c_0578	Logan Jones	logan@test.org	CA	23/03/2025 14:24	04/04/2025 10:51
c_0579	  rowan  Hernandez	rowan@test.org	CA	22/03/2025 19:08	22/03/2025 12:46
c_0580	Mason Patel	mason@shop.net	can	24/04/2025 15:41	26/04/2025 19:08
c_0581	Casey Johnson	casey@example.com	us	24/03/2025 21:25	07/04/2025 19:41
c_0582	Taylor Martin	taylor@shop.net	US	10/04/2025 15:22	31/05/2025 11:55
c_0583	  liam  Anderson	liam@example.com	US	21/03/2025 20:25	11/05/2025 16:27
c_0584	Emma WILLIAMS	emma@example.com	US	10/04/2025 12:20	06/06/2025 07:04
c_0585	Liam Patel	liam@shop.net	GB	12/03/2025 12:34	28/04/2025 11:50
c_0586	Casey Chen	casey@test.org	DE	30/04/2025 21:43	13/06/2025 11:54
c_0587	Riley Kim	riley@mail.com	US	19/03/2025 07:03	17/05/2025 07:42
c_0588	Reese Johnson	reese@mail.com	US	31/03/2025 11:56	08/05/2025 13:27
c_0589	  liam  Wilson	LIAM@EXAMPLE.COM	US	29/04/2025 13:42	27/05/2025 20:45
c_0590	  sophia  Johnson	sophia@example.com	US	17/03/2025 17:00	11/05/2025 14:03
c_0591	Liam SMITH	liamexample.com	US	23/03/2025 10:41	21/04/2025 16:49
c_0592	Riley SMITH	riley@example.com	usa	01/05/2025 09:25	21/06/2025 20:25
c_0593	Alex Jones	alex@example.com	us	27/04/2025 15:09	30/04/2025 12:14
c_0594	  sophia  Chen	sophia@mail.com	US	08/04/2025 18:39	29/04/2025 21:30
c_0595	  parker  Martinez	parker@mail.com	US	28/03/2025 17:35	04/05/2025 15:14
c_0596	Riley ANDERSON	riley@shop.net	US	11/04/2025 19:27	25/04/2025 14:44
c_0597	Skyler Williams	skyler@test.org	usa	13/03/2025 10:11	25/03/2025 17:37
c_0598	Jordan Hernandez	jordan@test.org	GB	17/03/2025 18:43	19/03/2025 13:10
c_0599	  casey  Brown	casey@test.org	usa	22/03/2025 17:46	15/05/2025 12:25
c_0600	  emma  Chen	emma@mail.com	GB	20/05/2025 15:23	27/05/2025 15:16
c_0601	Taylor Brown	taylor@mail.com	de	01/04/2025 10:17	18/04/2025 21:34
c_0602	Riley Hernandez	riley@mail.com	US	01/05/2025 18:15	28/06/2025 20:50
c_0603	Morgan Nguyen	morgan@mail.com	GB	12/03/2025 16:56	02/04/2025 12:59
c_0604	  olivia  Williams	olivia@example.com	US	10/03/2025 15:10	20/04/2025 12:33
c_0605	  quinn  JONES	quinn@test.org	CA	03/05/2025 15:38	17/06/2025 08:10
c_0606	  casey  Johnson	casey@shop.net	US	20/03/2025 13:05	24/04/2025 07:52
c_0607	Morgan Johnson	morgan@shop.net	GB	15/05/2025 09:15	15/06/2025 17:24
c_0608	Mia Lee	mia@test.org	US	17/05/2025 13:50	16/06/2025 18:50
c_0609	Morgan Moore	morgan@mail.com	US	24/03/2025 17:24	17/05/2025 18:52
c_0610	Skyler Anderson	skyler@shop.net	US	03/04/2025 15:03	14/05/2025 15:35
c_0611	  reese  Garcia	reese@mail.com	US	24/03/2025 07:17	04/04/2025 07:14
c_0612	Mason Chen	mason@shop.net	CA	11/04/2025 20:16	30/04/2025 08:47
c_0613	Skyler WILSON	skyler@mail.com	US	13/03/2025 16:33	05/05/2025 14:45
c_0614	Aria Wilson	aria@mail.com	CA	05/05/2025 13:25	26/05/2025 21:28
c_0615	Sophia Chen	sophia@shop.net	US	15/03/2025 19:12	19/03/2025 21:14
c_0616	Noah KIM	noah@shop.net	US	18/03/2025 17:09	29/04/2025 21:44
c_0617	Parker NGUYEN	parker@test.org	US	20/04/2025 19:49	06/06/2025 07:52
c_0618	Emma Kim	emma@example.com	US	11/03/2025 09:22	15/04/2025 13:25
c_0619	Noah Lopez	noah@example.com	DE	24/04/2025 19:38	20/06/2025 13:54
c_0620	Noah Johnson	noah@example.com	DE	16/04/2025 12:58	05/06/2025 19:57
c_0621	Casey DAVIS	casey@example.com	us	06/05/2025 11:47	29/05/2025 18:15
c_0622	Olivia Hernandez	olivia@shop.net	de	31/03/2025 16:52	16/05/2025 11:09
c_0623	Liam ANDERSON	liam@shop.net	DE	21/03/2025 20:33	14/04/2025 14:48
c_0624	Isabella SMITH	isabella@test.org	US	08/04/2025 07:46	04/06/2025 13:38
c_0625	Avery Williams	avery@mail.com	US	29/03/2025 19:07	20/05/2025 21:44
c_0626	Noah Anderson	noah@test.org	DE	12/05/2025 13:04	26/06/2025 17:53
c_0627	  mason  Jones	mason@shop.net	US	03/04/2025 21:54	11/04/2025 14:59
c_0628	Emery Jones	emery@example.com	US	04/04/2025 20:40	21/05/2025 13:46
c_0629	Avery Patel	avery@test.org	DE	18/04/2025 13:34	21/04/2025 16:54
c_0630	Rowan Davis	rowan@example.com	US	23/04/2025 17:13	16/06/2025 16:19
c_0631	Jordan WILSON	jordan@mail.com	usa	04/04/2025 18:15	12/05/2025 16:22
c_0632	  olivia  Thomas	olivia@mail.com	US	01/04/2025 10:10	04/05/2025 20:02
c_0633	  alex  Smith	alex@mail.com	US	08/04/2025 10:05	22/05/2025 07:07
c_0634	Ava PATEL	ava@shop.net	US	03/05/2025 12:10	20/05/2025 16:40
c_0635	  casey  Smith	casey@mail.com	US	06/05/2025 20:45	15/06/2025 15:51
c_0636	  jordan  Lee	jordan@test.org	US	25/04/2025 19:33	09/06/2025 10:06
c_0637	Taylor Martin	taylor@test.org	CA	24/05/2025 15:03	12/06/2025 07:27
c_0638	Quinn Garcia	quinn@test.org	deu	30/04/2025 19:30	01/05/2025 17:47
c_0639	  avery  GARCIA	avery@mail.com	GB	14/04/2025 20:25	03/05/2025 09:02
c_0640	Parker CHEN	parker@mail.com	usa	24/03/2025 21:36	16/04/2025 10:53
c_0641	Logan Nguyen	logan@mail.com	gb	21/03/2025 09:30	27/04/2025 21:18
c_0642	Parker Smith	parker@test.org	GB	03/04/2025 14:09	02/05/2025 12:31
c_0643	Emma Nguyen	emma@example.com	US	12/04/2025 12:01	30/04/2025 16:05
c_0644	Isabella Hernandez	isabella@shop.net	US	06/05/2025 16:28	10/06/2025 12:13
c_0645	Olivia Kim	olivia@example.com	US	08/04/2025 16:00	28/04/2025 20:46
c_0646	Rowan Smith	rowan@mail.com	DE	23/03/2025 14:13	08/05/2025 09:41
c_0647	Reese Hernandez	reese@shop.net	GB	31/03/2025 08:49	22/04/2025 07:29
c_0648	Emery Smith	emery@test.org	US	11/05/2025 17:52	18/06/2025 15:07
c_0649	Reese Thomas	reese@shop.net	US	15/03/2025 14:02	05/05/2025 21:32
c_0650	  jordan  Smith	jordan@shop.net	US	11/04/2025 10:53	04/06/2025 17:19
c_0651	Avery Brown	avery@mail.com	US	07/03/2025 20:12	07/04/2025 08:12
c_0652	Aria Davis	aria@test.org	DE	26/04/2025 08:59	08/06/2025 20:22
c_0653	  reese  Nguyen	reese@shop.net	GB	11/03/2025 14:43	02/04/2025 12:29
c_0654	  alex  MOORE	alex@example.com	GB	03/03/2025 07:53	23/04/2025 16:45
c_0655	Morgan Nguyen	morgan@example.com	US	08/05/2025 11:41	29/06/2025 17:02
c_0656	  jordan  Anderson	jordan@example.com	usa	28/05/2025 08:15	19/07/2025 18:54
c_0657	Mia CHEN	mia@example.com	gbr	13/05/2025 09:20	26/05/2025 12:48
c_0658	  liam  Moore	liam@shop.net	DE	16/04/2025 18:25	18/04/2025 18:07
c_0659	Reese Williams	reese@shop.net	us	31/03/2025 14:32	09/04/2025 13:37
c_0660	Jordan JOHNSON	jordan@test.org	CA	16/06/2025 14:16	04/07/2025 14:17
c_0661	  logan  WILSON	logan@shop.net	US	29/03/2025 16:00	25/05/2025 15:31
c_0662	Emery Lopez	emery@example.com	US	27/04/2025 12:55	15/05/2025 20:15
c_0663	Emery Martin	emery@test.org	GB	28/05/2025 15:39	20/07/2025 10:17
c_0664	Parker Patel	parker@test.org	gb	25/04/2025 20:57	26/05/2025 21:43
c_0665	Casey Martin	casey@example.com	US	26/03/2025 21:59	14/04/2025 21:16
c_0666	Jordan Thomas	jordan@shop.net	CA	20/03/2025 19:37	20/04/2025 10:16
c_0667	Liam Lee	liam@shop.net	US	05/03/2025 12:50	06/03/2025 07:15
c_0668	Skyler Nguyen	skyler@shop.net	gb	07/04/2025 09:34	10/04/2025 18:17
c_0669	Skyler Williams	skyler@test.org	US	12/05/2025 13:26	02/07/2025 12:47
c_0670	Liam Johnson	liam@example.com	gb	19/05/2025 15:11	04/06/2025 15:32
c_0671	Rowan JONES	rowan@shop.net	US	18/04/2025 08:12	14/05/2025 12:09
c_0672	Riley Smith	riley@shop.net	GB	19/04/2025 08:18	25/05/2025 08:57
c_0673	Rowan Lopez	rowan@test.org	US	02/05/2025 16:24	03/06/2025 12:37
c_0674	  rowan  Thomas	rowan@mail.com	CA	20/03/2025 15:41	01/04/2025 07:30
c_0675	Riley Jones	riley@test.org	US	18/03/2025 15:09	30/03/2025 20:37
c_0676	Sophia Smith	sophia@shop.net	DE	01/05/2025 21:20	08/05/2025 19:53
c_0677	Aria Smith	aria@mail.com	US	24/03/2025 15:59	25/03/2025 08:38
c_0678	  avery  Chen	avery@example.com	US	26/04/2025 14:53	24/06/2025 10:51
c_0679	Alex Thomas	alex@example.com	CA	31/05/2025 11:13	29/07/2025 13:54
c_0680	Liam Johnson	liam@test.org	GB	15/04/2025 10:29	03/05/2025 21:45
c_0681	Quinn Nguyen	quinn@test.org	us	08/03/2025 16:34	01/04/2025 09:52
c_0682	  sophia  Davis	sophia@shop.net	US	12/03/2025 08:10	25/04/2025 16:46
c_0683	Skyler Kim	skyler@mail.com	US	31/03/2025 20:04	01/05/2025 11:46
c_0684	Quinn Anderson	quinn@example.com	DE	28/03/2025 10:16	29/04/2025 08:11
c_0685	Mason Brown	mason@example.com	US	22/05/2025 19:17	03/06/2025 08:53
c_0686	  taylor  Brown	taylor@example.com	DE	07/04/2025 15:45	22/05/2025 10:49
c_0687	Isabella MOORE	isabella@test.org	US	31/05/2025 16:37	10/07/2025 12:26
c_0688	  skyler  JOHNSON	skyler@shop.net	DE	08/05/2025 17:41	13/05/2025 20:08
c_0689	Mia HERNANDEZ	mia@mail.com	US	19/04/2025 17:53	02/06/2025 11:58
c_0690	Sophia LEE	sophia@test.org	US	16/04/2025 17:23	26/04/2025 21:40
c_0691	Liam Anderson	liam@example.com	US	15/03/2025 20:07	09/04/2025 07:47
c_0692	Mia Hernandez	mia@test.org	US	01/06/2025 19:26	19/07/2025 08:17
c_0693	Quinn Lee	quinn@shop.net	DE	11/05/2025 13:24	15/06/2025 16:27
c_0694	  ava  Williams	ava@mail.com	US	31/03/2025 14:49	09/05/2025 09:38
c_0695	  olivia  CHEN	olivia@example.com	US	12/03/2025 19:46	05/04/2025 08:11
c_0696	Parker Moore	parker@shop.net	US	19/04/2025 10:29	21/04/2025 11:57
c_0697	Liam MARTIN	liam@test.org	US	02/03/2025 15:01	06/04/2025 17:59
c_0698	Sophia Smith	sophia@mail.com	de	21/04/2025 14:47	14/06/2025 14:51
c_0699	Riley Garcia	riley@mail.com	US	26/03/2025 07:21	21/04/2025 10:19
c_0700	  emery  Johnson	emery@example.com	CA	29/05/2025 10:30	08/07/2025 14:02
c_0701	Olivia Martinez	olivia@example.com	US	13/03/2025 09:40	18/04/2025 17:39
c_0702	Noah Hernandez	noah@mail.com	us	20/06/2025 08:01	23/07/2025 17:05
c_0703	Riley CHEN	riley@shop.net	DE	20/04/2025 11:17	07/05/2025 14:32
c_0704	Taylor Hernandez	taylor@shop.net	de	27/03/2025 19:08	03/04/2025 19:40
c_0705	Mia WILSON	mia@mail.com	deu	11/04/2025 18:37	29/05/2025 11:28
c_0706	Emery Smith	emery@example.com	CA	02/04/2025 14:21	18/05/2025 12:41
c_0707	Logan WILSON	logan@example.com	US	27/04/2025 18:59	27/04/2025 13:36
c_0708	Alex Lee	alex@mail.com	usa	22/03/2025 15:28	03/05/2025 09:19
c_0709	  parker  JOHNSON	PARKER@MAIL.COM	US	12/03/2025 17:26	01/04/2025 08:28
c_0710	  isabella  Lee	isabellashop.net	deu	18/03/2025 13:17	30/03/2025 14:54
c_0711	Reese Johnson	reese@test.org	DE	19/04/2025 19:32	23/04/2025 15:30
c_0712	Casey Chen	casey@shop.net	US	26/03/2025 17:15	18/05/2025 15:34
c_0713	Reese Lopez	reese@shop.net	US	16/03/2025 17:03	30/03/2025 11:20
c_0714	Mia Brown	mia@test.org	US	16/04/2025 19:30	12/05/2025 08:09
c_0715	Casey Patel	casey@example.com	US	24/04/2025 16:28	14/05/2025 09:36
c_0716	Rowan Martinez	rowan@test.org	US	24/04/2025 14:16	28/05/2025 07:10
c_0717	Avery Kim	avery@example.com	DE	12/03/2025 19:38	20/04/2025 16:05
c_0718	Riley GARCIA	riley@example.com	us	19/05/2025 21:57	31/05/2025 15:06
c_0719	Liam PATEL	liam@shop.net	CA	19/03/2025 12:53	30/03/2025 16:57
c_0720	  sophia  Patel	sophia@test.org	CA	11/05/2025 10:51	27/06/2025 08:45
c_0721	  riley  GARCIA	RILEY@TEST.ORG	US	22/04/2025 17:59	12/06/2025 10:59
c_0722	  liam  LEE	liam@shop.net	CA	29/04/2025 09:28	14/06/2025 16:51
c_0723	Liam Johnson	liamtest.org	DE	04/04/2025 15:29	25/04/2025 18:47
c_0724	Olivia Jones	olivia@example.com	us	28/04/2025 14:18	03/05/2025 17:49
c_0725	Olivia Davis	olivia@test.org	DE	30/04/2025 19:37	17/05/2025 10:33
c_0726	Morgan Moore	morgan@mail.com	US	29/03/2025 19:31	13/05/2025 19:03
c_0727	Jordan Brown	jordan@example.com	US	19/03/2025 10:44	16/04/2025 07:46
c_0728	Reese Patel	reese@mail.com	US	03/05/2025 15:43	29/05/2025 09:46
c_0729	Skyler Lee	skyler@example.com	US	15/04/2025 13:29	09/06/2025 08:55
c_0730	Liam Kim	liam@mail.com	DE	29/06/2025 20:33	31/07/2025 21:42
c_0731	Rowan Martinez	rowan@shop.net	US	12/05/2025 14:28	19/06/2025 18:44
c_0732	Sophia Johnson	sophia@example.com	US	11/05/2025 17:47	29/05/2025 18:34
c_0733	Aria Wilson	aria@test.org	US	13/05/2025 20:03	06/07/2025 21:47
c_0734	Emma Jones	emma@mail.com	US	09/06/2025 13:56	26/07/2025 18:02
c_0735	Isabella Chen	isabella@mail.com	GB	27/03/2025 14:42	05/04/2025 08:35
c_0736	Rowan Thomas	rowan@test.org	DE	02/04/2025 18:03	22/04/2025 19:14
c_0737	  mason  Smith	mason@shop net	US	19/04/2025 11:56	07/06/2025 18:42
c_0738	  quinn  Martinez	quinn@test.org	CA	06/03/2025 10:46	25/04/2025 12:45
c_0739	  alex  Martinez	alex@test.org	US	14/03/2025 15:40	24/03/2025 12:02
c_0740	Emma Kim	emma@shop.net	US	03/04/2025 13:12	12/05/2025 09:10
c_0741	  liam  CHEN	liam@example.com	US	24/03/2025 17:53	28/04/2025 12:54
c_0742	Logan Kim	logan@shop.net	US	27/05/2025 14:43	29/05/2025 08:50
c_0743	Olivia Patel	olivia@mail.com	US	08/04/2025 07:21	27/05/2025 19:24
c_0744	Mason Nguyen	mason@example.com	US	16/04/2025 17:30	05/06/2025 16:45
c_0745	Parker LEE	parker@shop.net	DE	31/03/2025 16:07	01/04/2025 16:10
c_0746	Reese Garcia	reese@example.com	DE	01/06/2025 16:11	29/06/2025 07:07
c_0747	  olivia  Moore	olivia@mail.com	DE	07/03/2025 11:11	09/03/2025 07:00
c_0748	  emery  Martinez	emery@example.com	de	19/04/2025 10:33	29/04/2025 18:44
c_0749	Ava Davis	ava@example.com	US	21/03/2025 09:35	22/04/2025 21:08
c_0750	Jordan Wilson	jordantest.org	US	29/03/2025 12:56	17/05/2025 16:21
c_0751	Aria Chen	aria@example.com	GB	24/03/2025 21:00	11/04/2025 16:34
c_0752	Aria Patel	aria@test.org	US	25/04/2025 20:50	07/05/2025 13:25
c_0753	  isabella  Johnson	isabella@test.org	DE	20/04/2025 18:49	03/06/2025 07:06
c_0754	Riley CHEN	riley@mail.com	US	28/04/2025 13:01	09/06/2025 12:07
c_0755	Quinn Kim	QUINN@SHOP.NET	DE	08/05/2025 11:44	14/06/2025 17:51
c_0756	Rowan Martin	rowan@shop.net	gb	05/05/2025 18:54	11/06/2025 17:36
c_0757	Morgan Johnson	morgan@test.org	US	07/04/2025 12:28	05/05/2025 11:51
c_0758	Reese Lopez	reese@test.org	DE	30/03/2025 16:03	28/05/2025 20:04
c_0759	Emery Thomas	emery@shop.net	us	03/04/2025 11:02	01/06/2025 10:57
c_0760	Reese Wilson	reese@shop.net	US	15/03/2025 09:19	12/04/2025 18:54
c_0761	Casey Anderson	casey@mail.com	US	16/03/2025 19:16	06/05/2025 16:06
c_0762	Rowan Hernandez	rowan@mail.com	GB	08/03/2025 21:26	23/03/2025 07:58
c_0763	Avery Wilson	avery@shop.net	US	19/03/2025 12:49	23/03/2025 10:27
c_0764	  alex  Martinez	alex@example.com	US	23/05/2025 08:53	07/06/2025 15:59
c_0765	Reese Martin	reese@mail.com	GB	03/03/2025 16:52	04/03/2025 21:37
c_0766	  sophia  PATEL	sophia@mail.com	DE	18/04/2025 14:02	01/05/2025 19:49
c_0767	Olivia Jones	OLIVIA@EXAMPLE.COM	CA	15/04/2025 21:14	17/05/2025 10:14
c_0768	Mason Hernandez	mason@mail.com	US	06/04/2025 07:10	27/04/2025 14:50
c_0769	Morgan PATEL	MORGAN@MAIL.COM	DE	13/03/2025 18:12	18/04/2025 20:07
c_0770	Reese Jones	reese@mail.com	DE	16/03/2025 19:21	29/03/2025 13:09
c_0771	Reese Garcia	reese@test org	US	21/05/2025 09:29	28/06/2025 14:28
c_0772	Taylor Nguyen	taylor@shop.net	US	12/04/2025 09:32	15/04/2025 18:33
c_0773	Mason Kim	mason@shop.net	GB	05/07/2025 07:23	31/07/2025 17:06
c_0774	Logan Lopez	logan@shop.net	US	29/04/2025 21:08	05/06/2025 13:32
c_0775	Taylor Johnson	taylor@test.org	GB	13/04/2025 17:56	19/05/2025 12:46
c_0776	Ava Lopez	ava@test.org	US	05/03/2025 13:26	25/04/2025 12:46
c_0777	Logan WILSON	logan@test.org	US	05/06/2025 07:06	11/07/2025 13:06
c_0778	Sophia Patel	sophia@example.com	US	28/05/2025 11:41	22/06/2025 18:41
c_0779	Mia Chen	mia@test.org	gb	21/04/2025 10:29	07/05/2025 07:38
c_0780	Casey Anderson	casey@example.com	US	22/04/2025 18:26	16/06/2025 16:04
c_0781	  morgan  Hernandez	morgan@example.com	US	15/04/2025 08:55	23/04/2025 17:32
c_0782	Rowan Martinez	rowan@test.org	US	29/03/2025 19:37	04/05/2025 12:13
c_0783	Isabella Lopez	isabella@shop.net	gb	07/05/2025 14:16	14/05/2025 20:30
c_0784	Jordan Davis	jordan@mail.com	US	20/04/2025 12:03	17/06/2025 19:28
c_0785	Reese Lopez	reese@mail.com	CA	08/04/2025 11:51	10/04/2025 16:18
c_0786	Liam Smith	liam@shop.net	ca	30/04/2025 19:54	01/06/2025 18:56
c_0787	Olivia Brown	olivia@mail.com	GB	18/03/2025 19:27	19/04/2025 13:25
c_0788	Alex Anderson	alex@example.com	US	13/04/2025 07:31	20/04/2025 17:10
c_0789	Taylor Martinez	taylor@test.org	US	17/03/2025 07:07	03/04/2025 11:33
c_0790	Casey Hernandez	casey@test.org	GB	20/03/2025 14:06	06/04/2025 15:01
c_0791	Sophia Lee	sophiatest.org	GB	14/03/2025 10:34	23/04/2025 21:51
c_0792	Rowan Martinez	rowan@shop.net	US	26/04/2025 09:09	03/06/2025 18:07
c_0793	Emma JONES	emma@test.org	US	28/05/2025 14:37	31/05/2025 18:34
c_0794	Sophia Moore	sophia@test.org	DE	25/03/2025 16:53	27/04/2025 19:04
c_0795	  emery  WILLIAMS	emery@mail.com	US	25/03/2025 12:46	17/04/2025 20:52
c_0796	Jordan Brown	jordan@test.org	US	15/04/2025 11:30	29/05/2025 19:10
c_0797	  morgan  PATEL	morgan@test.org	US	24/05/2025 18:40	04/06/2025 14:00
c_0798	Riley Jones	riley@test.org	GB	15/04/2025 18:52	19/05/2025 17:28
c_0799	Jordan Lee	jordan@mail.com	US	02/04/2025 21:34	15/04/2025 13:28
c_0800	Mason WILSON	mason@test.org	US	05/06/2025 12:17	18/06/2025 12:36